{
    "levels":[
        {   "tiles":[
                {   "x":0,
                    "y":0,
                    "wh":0,
                    "index":0,
                    "next":0,
                    "tileType":"normal",
                    "tileFeature":null,
                    "featureType":"none"
                }
            ],
            "snakes":[{
                    "start":99,
                    "end":75
                },
                {
                    "start":58,
                    "end":21
                },
                {
                    "start":89,
                    "end":19
                },
                {
                    "start":66,
                    "end":32
                },
                {
                    "start":35,
                    "end":8
                }
            ],
            "ladders":[
                {
                    "start":5,
                    "end":26
                },
                {
                    "start":14,
                    "end":71
                },
                {
                    "start":20,
                    "end":65
                },
                {
                    "start":50,
                    "end":95
                },
                {
                    "start":61,
                    "end":83
                }
            ],
            "fairies":[
                {"start":36},
                {"start":74},
                {"start":11},
                {"start":40}
            ],
            "demons":[
                {"start":55},
                {"start":19},
                {"start":80}
            ],
            "tasks":[
                {
                    "taskType":"question",
                    "question":"this is question",
                    "options":[
                        "a","b","c","d"
                    ],
                    "answers":[
                        "a","d"
                    ]
                }
            ]
        },
        {
            "Snakes":[{
                    "start":98,
                    "end":75
                },
                {
                    "start":54,
                    "end":30
                },
                {
                    "start":23,
                    "end":10
                },
                {
                    "start":64,
                    "end":6
                },
                {
                    "start":84,
                    "end":45
                }
            ],
            "ladders":[{
                    "start":8,
                    "end":43
                },
                {
                    "start":24,
                    "end":36
                },
                {
                    "start":69,
                    "end":95
                },
                {
                    "start":49,
                    "end":61
                },
                {
                    "start":15,
                    "end":59
                }
            ],
            "fairies":[]
        }
    ]
}