<?xml version="1.0"?>
<font>
  <info face="Cosmic Avenger" size="32" bold="0" italic="0" charset="" unicode="1" stretchH="100" smooth="0" aa="1" padding="2,2,2,2" spacing="1,1" outline="0"/>
  <common lineHeight="32" base="32" scaleW="512" scaleH="512" pages="1" packed="0" alphaChnl="0" redChnl="4" greenChnl="4" blueChnl="4"/>
  <pages>
    <page id="0" file="arcade_0.png" />
  </pages>
  <chars count="73">
    <char id="32" x="168" y="132" width="7" height="5" xoffset="-3" yoffset="29" xadvance="32" page="0" chnl="15" />
    <char id="33" x="25" y="0" width="20" height="36" xoffset="2" yoffset="-2" xadvance="32" page="0" chnl="15" />
    <char id="38" x="396" y="99" width="28" height="32" xoffset="-2" yoffset="2" xadvance="32" page="0" chnl="15" />
    <char id="40" x="495" y="33" width="16" height="32" xoffset="6" yoffset="2" xadvance="32" page="0" chnl="15" />
    <char id="41" x="495" y="66" width="16" height="32" xoffset="6" yoffset="2" xadvance="32" page="0" chnl="15" />
    <char id="43" x="178" y="0" width="32" height="32" xoffset="-2" yoffset="2" xadvance="32" page="0" chnl="15" />
    <char id="45" x="130" y="132" width="28" height="8" xoffset="-2" yoffset="14" xadvance="32" page="0" chnl="15" />
    <char id="46" x="159" y="132" width="8" height="8" xoffset="10" yoffset="14" xadvance="32" page="0" chnl="15" />
    <char id="48" x="277" y="0" width="32" height="32" xoffset="-2" yoffset="2" xadvance="32" page="0" chnl="15" />
    <char id="49" x="29" y="136" width="20" height="32" xoffset="2" yoffset="2" xadvance="32" page="0" chnl="15" />
    <char id="50" x="343" y="0" width="32" height="32" xoffset="-2" yoffset="2" xadvance="32" page="0" chnl="15" />
    <char id="51" x="376" y="0" width="32" height="32" xoffset="-2" yoffset="2" xadvance="32" page="0" chnl="15" />
    <char id="52" x="409" y="0" width="32" height="32" xoffset="-2" yoffset="2" xadvance="32" page="0" chnl="15" />
    <char id="53" x="442" y="0" width="32" height="32" xoffset="-2" yoffset="2" xadvance="32" page="0" chnl="15" />
    <char id="54" x="475" y="0" width="32" height="32" xoffset="-2" yoffset="2" xadvance="32" page="0" chnl="15" />
    <char id="55" x="0" y="37" width="32" height="32" xoffset="-2" yoffset="2" xadvance="32" page="0" chnl="15" />
    <char id="56" x="33" y="37" width="32" height="32" xoffset="-2" yoffset="2" xadvance="32" page="0" chnl="15" />
    <char id="57" x="66" y="33" width="32" height="32" xoffset="-2" yoffset="2" xadvance="32" page="0" chnl="15" />
    <char id="58" x="121" y="132" width="8" height="20" xoffset="10" yoffset="6" xadvance="32" page="0" chnl="15" />
    <char id="61" x="92" y="132" width="28" height="20" xoffset="-2" yoffset="6" xadvance="32" page="0" chnl="15" />
    <char id="63" x="0" y="0" width="24" height="36" xoffset="2" yoffset="-2" xadvance="32" page="0" chnl="15" />
    <char id="65" x="165" y="33" width="32" height="32" xoffset="-2" yoffset="2" xadvance="32" page="0" chnl="15" />
    <char id="66" x="198" y="33" width="32" height="32" xoffset="-2" yoffset="2" xadvance="32" page="0" chnl="15" />
    <char id="67" x="231" y="33" width="32" height="32" xoffset="-2" yoffset="2" xadvance="32" page="0" chnl="15" />
    <char id="68" x="264" y="33" width="32" height="32" xoffset="-2" yoffset="2" xadvance="32" page="0" chnl="15" />
    <char id="69" x="297" y="33" width="32" height="32" xoffset="-2" yoffset="2" xadvance="32" page="0" chnl="15" />
    <char id="70" x="330" y="33" width="32" height="32" xoffset="-2" yoffset="2" xadvance="32" page="0" chnl="15" />
    <char id="71" x="363" y="33" width="32" height="32" xoffset="-2" yoffset="2" xadvance="32" page="0" chnl="15" />
    <char id="72" x="396" y="33" width="32" height="32" xoffset="-2" yoffset="2" xadvance="32" page="0" chnl="15" />
    <char id="73" x="50" y="136" width="20" height="32" xoffset="2" yoffset="2" xadvance="32" page="0" chnl="15" />
    <char id="74" x="425" y="99" width="28" height="32" xoffset="2" yoffset="2" xadvance="32" page="0" chnl="15" />
    <char id="75" x="0" y="70" width="32" height="32" xoffset="-2" yoffset="2" xadvance="32" page="0" chnl="15" />
    <char id="76" x="33" y="70" width="32" height="32" xoffset="-2" yoffset="2" xadvance="32" page="0" chnl="15" />
    <char id="77" x="66" y="66" width="32" height="32" xoffset="-2" yoffset="2" xadvance="32" page="0" chnl="15" />
    <char id="78" x="99" y="66" width="32" height="32" xoffset="-2" yoffset="2" xadvance="32" page="0" chnl="15" />
    <char id="79" x="132" y="66" width="32" height="32" xoffset="-2" yoffset="2" xadvance="32" page="0" chnl="15" />
    <char id="80" x="310" y="0" width="32" height="32" xoffset="-2" yoffset="2" xadvance="32" page="0" chnl="15" />
    <char id="81" x="198" y="66" width="32" height="32" xoffset="-2" yoffset="2" xadvance="32" page="0" chnl="15" />
    <char id="82" x="231" y="66" width="32" height="32" xoffset="-2" yoffset="2" xadvance="32" page="0" chnl="15" />
    <char id="83" x="264" y="66" width="32" height="32" xoffset="-2" yoffset="2" xadvance="32" page="0" chnl="15" />
    <char id="84" x="454" y="99" width="28" height="32" xoffset="-2" yoffset="2" xadvance="32" page="0" chnl="15" />
    <char id="85" x="297" y="66" width="32" height="32" xoffset="-2" yoffset="2" xadvance="32" page="0" chnl="15" />
    <char id="86" x="330" y="66" width="32" height="32" xoffset="-2" yoffset="2" xadvance="32" page="0" chnl="15" />
    <char id="87" x="363" y="66" width="32" height="32" xoffset="-2" yoffset="2" xadvance="32" page="0" chnl="15" />
    <char id="88" x="396" y="66" width="32" height="32" xoffset="-2" yoffset="2" xadvance="32" page="0" chnl="15" />
    <char id="89" x="429" y="66" width="32" height="32" xoffset="-2" yoffset="2" xadvance="32" page="0" chnl="15" />
    <char id="90" x="462" y="66" width="32" height="32" xoffset="-2" yoffset="2" xadvance="32" page="0" chnl="15" />
    <char id="97" x="0" y="103" width="32" height="32" xoffset="-2" yoffset="2" xadvance="32" page="0" chnl="15" />
    <char id="98" x="33" y="103" width="32" height="32" xoffset="-2" yoffset="2" xadvance="32" page="0" chnl="15" />
    <char id="99" x="66" y="99" width="32" height="32" xoffset="-2" yoffset="2" xadvance="32" page="0" chnl="15" />
    <char id="100" x="99" y="99" width="32" height="32" xoffset="-2" yoffset="2" xadvance="32" page="0" chnl="15" />
    <char id="101" x="132" y="99" width="32" height="32" xoffset="-2" yoffset="2" xadvance="32" page="0" chnl="15" />
    <char id="102" x="165" y="99" width="32" height="32" xoffset="-2" yoffset="2" xadvance="32" page="0" chnl="15" />
    <char id="103" x="198" y="99" width="32" height="32" xoffset="-2" yoffset="2" xadvance="32" page="0" chnl="15" />
    <char id="104" x="231" y="99" width="32" height="32" xoffset="-2" yoffset="2" xadvance="32" page="0" chnl="15" />
    <char id="105" x="71" y="132" width="20" height="32" xoffset="2" yoffset="2" xadvance="32" page="0" chnl="15" />
    <char id="106" x="0" y="136" width="28" height="32" xoffset="2" yoffset="2" xadvance="32" page="0" chnl="15" />
    <char id="107" x="264" y="99" width="32" height="32" xoffset="-2" yoffset="2" xadvance="32" page="0" chnl="15" />
    <char id="108" x="297" y="99" width="32" height="32" xoffset="-2" yoffset="2" xadvance="32" page="0" chnl="15" />
    <char id="109" x="330" y="99" width="32" height="32" xoffset="-2" yoffset="2" xadvance="32" page="0" chnl="15" />
    <char id="110" x="363" y="99" width="32" height="32" xoffset="-2" yoffset="2" xadvance="32" page="0" chnl="15" />
    <char id="111" x="46" y="0" width="32" height="32" xoffset="-2" yoffset="2" xadvance="32" page="0" chnl="15" />
    <char id="112" x="79" y="0" width="32" height="32" xoffset="-2" yoffset="2" xadvance="32" page="0" chnl="15" />
    <char id="113" x="165" y="66" width="32" height="32" xoffset="-2" yoffset="2" xadvance="32" page="0" chnl="15" />
    <char id="114" x="112" y="0" width="32" height="32" xoffset="-2" yoffset="2" xadvance="32" page="0" chnl="15" />
    <char id="115" x="145" y="0" width="32" height="32" xoffset="-2" yoffset="2" xadvance="32" page="0" chnl="15" />
    <char id="116" x="483" y="99" width="28" height="32" xoffset="-2" yoffset="2" xadvance="32" page="0" chnl="15" />
    <char id="117" x="211" y="0" width="32" height="32" xoffset="-2" yoffset="2" xadvance="32" page="0" chnl="15" />
    <char id="118" x="244" y="0" width="32" height="32" xoffset="-2" yoffset="2" xadvance="32" page="0" chnl="15" />
    <char id="119" x="99" y="33" width="32" height="32" xoffset="-2" yoffset="2" xadvance="32" page="0" chnl="15" />
    <char id="120" x="132" y="33" width="32" height="32" xoffset="-2" yoffset="2" xadvance="32" page="0" chnl="15" />
    <char id="121" x="429" y="33" width="32" height="32" xoffset="-2" yoffset="2" xadvance="32" page="0" chnl="15" />
    <char id="122" x="462" y="33" width="32" height="32" xoffset="-2" yoffset="2" xadvance="32" page="0" chnl="15" />
  </chars>
</font>
