<?xml version="1.0" encoding="UTF-8"?>
<!--Created using Glyph Designer - http://www.71squared.com/glyphdesigner-->
<font>
    <info face="AtariClassicChunky" size="64" bold="0" italic="0" chasrset="" unicode="0" stretchH="100" smooth="1" aa="1" padding="0,0,0,0" spacing="2,2"/>
    <common lineHeight="65" base="56" scaleW="512" scaleH="512" pages="1" packed="0"/>
    <pages>
        <page id="0" file="atari-classic.png"/>
    </pages>
    <chars count="95">
        <char id="32" x="53" y="461" width="0" height="0" xoffset="0" yoffset="57" xadvance="64" page="0" chnl="0" letter="space"/>
        <char id="33" x="333" y="324" width="17" height="49" xoffset="24" yoffset="8" xadvance="64" page="0" chnl="0" letter="!"/>
        <char id="34" x="327" y="418" width="49" height="25" xoffset="8" yoffset="8" xadvance="64" page="0" chnl="0" letter="&quot;"/>
        <char id="35" x="295" y="2" width="65" height="49" xoffset="0" yoffset="8" xadvance="64" page="0" chnl="0" letter="#"/>
        <char id="36" x="80" y="2" width="49" height="57" xoffset="8" yoffset="0" xadvance="64" page="0" chnl="0" letter="$"/>
        <char id="37" x="308" y="273" width="49" height="49" xoffset="8" yoffset="8" xadvance="64" page="0" chnl="0" letter="%"/>
        <char id="38" x="21" y="2" width="57" height="57" xoffset="8" yoffset="0" xadvance="64" page="0" chnl="0" letter="&amp;"/>
        <char id="39" x="405" y="418" width="17" height="25" xoffset="24" yoffset="8" xadvance="64" page="0" chnl="0" letter="'"/>
        <char id="40" x="96" y="324" width="33" height="49" xoffset="24" yoffset="8" xadvance="64" page="0" chnl="0" letter="("/>
        <char id="41" x="131" y="324" width="33" height="49" xoffset="8" yoffset="8" xadvance="64" page="0" chnl="0" letter=")"/>
        <char id="42" x="352" y="324" width="65" height="41" xoffset="0" yoffset="8" xadvance="64" page="0" chnl="0" letter="*"/>
        <char id="43" x="104" y="418" width="49" height="41" xoffset="8" yoffset="8" xadvance="64" page="0" chnl="0" letter="+"/>
        <char id="44" x="378" y="418" width="25" height="25" xoffset="16" yoffset="40" xadvance="64" page="0" chnl="0" letter=","/>
        <char id="45" x="2" y="461" width="49" height="9" xoffset="8" yoffset="24" xadvance="64" page="0" chnl="0" letter="-"/>
        <char id="46" x="424" y="418" width="17" height="17" xoffset="24" yoffset="40" xadvance="64" page="0" chnl="0" letter="."/>
        <char id="47" x="410" y="69" width="49" height="49" xoffset="8" yoffset="8" xadvance="64" page="0" chnl="0" letter="/"/>
        <char id="48" x="359" y="120" width="49" height="49" xoffset="8" yoffset="8" xadvance="64" page="0" chnl="0" letter="0"/>
        <char id="49" x="206" y="273" width="49" height="49" xoffset="8" yoffset="8" xadvance="64" page="0" chnl="0" letter="1"/>
        <char id="50" x="257" y="222" width="49" height="49" xoffset="8" yoffset="8" xadvance="64" page="0" chnl="0" letter="2"/>
        <char id="51" x="155" y="222" width="49" height="49" xoffset="8" yoffset="8" xadvance="64" page="0" chnl="0" letter="3"/>
        <char id="52" x="53" y="120" width="49" height="49" xoffset="8" yoffset="8" xadvance="64" page="0" chnl="0" letter="4"/>
        <char id="53" x="308" y="222" width="49" height="49" xoffset="8" yoffset="8" xadvance="64" page="0" chnl="0" letter="5"/>
        <char id="54" x="53" y="222" width="49" height="49" xoffset="8" yoffset="8" xadvance="64" page="0" chnl="0" letter="6"/>
        <char id="55" x="104" y="273" width="49" height="49" xoffset="8" yoffset="8" xadvance="64" page="0" chnl="0" letter="7"/>
        <char id="56" x="308" y="69" width="49" height="49" xoffset="8" yoffset="8" xadvance="64" page="0" chnl="0" letter="8"/>
        <char id="57" x="104" y="222" width="49" height="49" xoffset="8" yoffset="8" xadvance="64" page="0" chnl="0" letter="9"/>
        <char id="58" x="198" y="418" width="17" height="41" xoffset="24" yoffset="16" xadvance="64" page="0" chnl="0" letter=":"/>
        <char id="59" x="306" y="324" width="25" height="49" xoffset="16" yoffset="16" xadvance="64" page="0" chnl="0" letter=";"/>
        <char id="60" x="131" y="2" width="41" height="57" xoffset="16" yoffset="0" xadvance="64" page="0" chnl="0" letter="&lt;"/>
        <char id="61" x="276" y="418" width="49" height="33" xoffset="8" yoffset="16" xadvance="64" page="0" chnl="0" letter="="/>
        <char id="62" x="174" y="2" width="41" height="57" xoffset="8" yoffset="0" xadvance="64" page="0" chnl="0" letter="&gt;"/>
        <char id="63" x="359" y="222" width="49" height="49" xoffset="8" yoffset="8" xadvance="64" page="0" chnl="0" letter="?"/>
        <char id="64" x="2" y="120" width="49" height="49" xoffset="8" yoffset="8" xadvance="64" page="0" chnl="0" letter="@"/>
        <char id="65" x="461" y="222" width="49" height="49" xoffset="8" yoffset="8" xadvance="64" page="0" chnl="0" letter="A"/>
        <char id="66" x="2" y="171" width="49" height="49" xoffset="8" yoffset="8" xadvance="64" page="0" chnl="0" letter="B"/>
        <char id="67" x="308" y="120" width="49" height="49" xoffset="8" yoffset="8" xadvance="64" page="0" chnl="0" letter="C"/>
        <char id="68" x="104" y="171" width="49" height="49" xoffset="8" yoffset="8" xadvance="64" page="0" chnl="0" letter="D"/>
        <char id="69" x="155" y="171" width="49" height="49" xoffset="8" yoffset="8" xadvance="64" page="0" chnl="0" letter="E"/>
        <char id="70" x="206" y="171" width="49" height="49" xoffset="8" yoffset="8" xadvance="64" page="0" chnl="0" letter="F"/>
        <char id="71" x="257" y="120" width="49" height="49" xoffset="8" yoffset="8" xadvance="64" page="0" chnl="0" letter="G"/>
        <char id="72" x="53" y="273" width="49" height="49" xoffset="8" yoffset="8" xadvance="64" page="0" chnl="0" letter="H"/>
        <char id="73" x="257" y="273" width="49" height="49" xoffset="8" yoffset="8" xadvance="64" page="0" chnl="0" letter="I"/>
        <char id="74" x="359" y="171" width="49" height="49" xoffset="8" yoffset="8" xadvance="64" page="0" chnl="0" letter="J"/>
        <char id="75" x="104" y="69" width="49" height="49" xoffset="8" yoffset="8" xadvance="64" page="0" chnl="0" letter="K"/>
        <char id="76" x="257" y="171" width="49" height="49" xoffset="8" yoffset="8" xadvance="64" page="0" chnl="0" letter="L"/>
        <char id="77" x="421" y="2" width="57" height="49" xoffset="8" yoffset="8" xadvance="64" page="0" chnl="0" letter="M"/>
        <char id="78" x="104" y="120" width="49" height="49" xoffset="8" yoffset="8" xadvance="64" page="0" chnl="0" letter="N"/>
        <char id="79" x="206" y="120" width="49" height="49" xoffset="8" yoffset="8" xadvance="64" page="0" chnl="0" letter="O"/>
        <char id="80" x="53" y="171" width="49" height="49" xoffset="8" yoffset="8" xadvance="64" page="0" chnl="0" letter="P"/>
        <char id="81" x="53" y="69" width="49" height="49" xoffset="8" yoffset="8" xadvance="64" page="0" chnl="0" letter="Q"/>
        <char id="82" x="155" y="69" width="49" height="49" xoffset="8" yoffset="8" xadvance="64" page="0" chnl="0" letter="R"/>
        <char id="83" x="2" y="222" width="49" height="49" xoffset="8" yoffset="8" xadvance="64" page="0" chnl="0" letter="S"/>
        <char id="84" x="2" y="273" width="49" height="49" xoffset="8" yoffset="8" xadvance="64" page="0" chnl="0" letter="T"/>
        <char id="85" x="206" y="222" width="49" height="49" xoffset="8" yoffset="8" xadvance="64" page="0" chnl="0" letter="U"/>
        <char id="86" x="410" y="222" width="49" height="49" xoffset="8" yoffset="8" xadvance="64" page="0" chnl="0" letter="V"/>
        <char id="87" x="362" y="2" width="57" height="49" xoffset="8" yoffset="8" xadvance="64" page="0" chnl="0" letter="W"/>
        <char id="88" x="461" y="69" width="49" height="49" xoffset="8" yoffset="8" xadvance="64" page="0" chnl="0" letter="X"/>
        <char id="89" x="410" y="171" width="49" height="49" xoffset="8" yoffset="8" xadvance="64" page="0" chnl="0" letter="Y"/>
        <char id="90" x="155" y="120" width="49" height="49" xoffset="8" yoffset="8" xadvance="64" page="0" chnl="0" letter="Z"/>
        <char id="91" x="166" y="324" width="33" height="49" xoffset="24" yoffset="8" xadvance="64" page="0" chnl="0" letter="["/>
        <char id="92" x="359" y="69" width="49" height="49" xoffset="8" yoffset="8" xadvance="64" page="0" chnl="0" letter="\"/>
        <char id="93" x="201" y="324" width="33" height="49" xoffset="8" yoffset="8" xadvance="64" page="0" chnl="0" letter="]"/>
        <char id="94" x="217" y="418" width="57" height="33" xoffset="8" yoffset="8" xadvance="64" page="0" chnl="0" letter="^"/>
        <char id="95" x="443" y="418" width="65" height="9" xoffset="0" yoffset="48" xadvance="64" page="0" chnl="0" letter="_"/>
        <char id="96" x="2" y="69" width="49" height="49" xoffset="8" yoffset="8" xadvance="64" page="0" chnl="0" letter="`"/>
        <char id="97" x="112" y="375" width="49" height="41" xoffset="8" yoffset="16" xadvance="64" page="0" chnl="0" letter="a"/>
        <char id="98" x="461" y="120" width="49" height="49" xoffset="8" yoffset="8" xadvance="64" page="0" chnl="0" letter="b"/>
        <char id="99" x="155" y="418" width="41" height="41" xoffset="8" yoffset="16" xadvance="64" page="0" chnl="0" letter="c"/>
        <char id="100" x="410" y="120" width="49" height="49" xoffset="8" yoffset="8" xadvance="64" page="0" chnl="0" letter="d"/>
        <char id="101" x="367" y="375" width="49" height="41" xoffset="8" yoffset="16" xadvance="64" page="0" chnl="0" letter="e"/>
        <char id="102" x="53" y="324" width="41" height="49" xoffset="16" yoffset="8" xadvance="64" page="0" chnl="0" letter="f"/>
        <char id="103" x="461" y="273" width="49" height="49" xoffset="8" yoffset="16" xadvance="64" page="0" chnl="0" letter="g"/>
        <char id="104" x="308" y="171" width="49" height="49" xoffset="8" yoffset="8" xadvance="64" page="0" chnl="0" letter="h"/>
        <char id="105" x="271" y="324" width="33" height="49" xoffset="16" yoffset="8" xadvance="64" page="0" chnl="0" letter="i"/>
        <char id="106" x="217" y="2" width="41" height="57" xoffset="16" yoffset="8" xadvance="64" page="0" chnl="0" letter="j"/>
        <char id="107" x="206" y="69" width="49" height="49" xoffset="8" yoffset="8" xadvance="64" page="0" chnl="0" letter="k"/>
        <char id="108" x="236" y="324" width="33" height="49" xoffset="16" yoffset="8" xadvance="64" page="0" chnl="0" letter="l"/>
        <char id="109" x="419" y="324" width="57" height="41" xoffset="8" yoffset="16" xadvance="64" page="0" chnl="0" letter="m"/>
        <char id="110" x="163" y="375" width="49" height="41" xoffset="8" yoffset="16" xadvance="64" page="0" chnl="0" letter="n"/>
        <char id="111" x="316" y="375" width="49" height="41" xoffset="8" yoffset="16" xadvance="64" page="0" chnl="0" letter="o"/>
        <char id="112" x="410" y="273" width="49" height="49" xoffset="8" yoffset="16" xadvance="64" page="0" chnl="0" letter="p"/>
        <char id="113" x="359" y="273" width="49" height="49" xoffset="8" yoffset="16" xadvance="64" page="0" chnl="0" letter="q"/>
        <char id="114" x="214" y="375" width="49" height="41" xoffset="8" yoffset="16" xadvance="64" page="0" chnl="0" letter="r"/>
        <char id="115" x="265" y="375" width="49" height="41" xoffset="8" yoffset="16" xadvance="64" page="0" chnl="0" letter="s"/>
        <char id="116" x="155" y="273" width="49" height="49" xoffset="8" yoffset="8" xadvance="64" page="0" chnl="0" letter="t"/>
        <char id="117" x="418" y="375" width="49" height="41" xoffset="8" yoffset="16" xadvance="64" page="0" chnl="0" letter="u"/>
        <char id="118" x="2" y="418" width="49" height="41" xoffset="8" yoffset="16" xadvance="64" page="0" chnl="0" letter="v"/>
        <char id="119" x="2" y="375" width="57" height="41" xoffset="8" yoffset="16" xadvance="64" page="0" chnl="0" letter="w"/>
        <char id="120" x="61" y="375" width="49" height="41" xoffset="8" yoffset="16" xadvance="64" page="0" chnl="0" letter="x"/>
        <char id="121" x="2" y="324" width="49" height="49" xoffset="8" yoffset="16" xadvance="64" page="0" chnl="0" letter="y"/>
        <char id="122" x="53" y="418" width="49" height="41" xoffset="8" yoffset="16" xadvance="64" page="0" chnl="0" letter="z"/>
        <char id="123" x="257" y="69" width="49" height="49" xoffset="8" yoffset="8" xadvance="64" page="0" chnl="0" letter="{"/>
        <char id="124" x="2" y="2" width="17" height="65" xoffset="24" yoffset="0" xadvance="64" page="0" chnl="0" letter="|"/>
        <char id="125" x="461" y="171" width="49" height="49" xoffset="8" yoffset="8" xadvance="64" page="0" chnl="0" letter="}"/>
        <char id="126" x="260" y="2" width="33" height="57" xoffset="8" yoffset="0" xadvance="64" page="0" chnl="0" letter="~"/>
    </chars>
</font>