<?xml version="1.0"?>
<font>
  <info face="Atari ST 8x16 System Font" size="32" bold="0" italic="0" charset="" unicode="1" stretchH="100" smooth="0" aa="1" padding="0,0,0,0" spacing="1,1" outline="0"/>
  <common lineHeight="32" base="28" scaleW="256" scaleH="256" pages="2" packed="0" alphaChnl="0" redChnl="4" greenChnl="4" blueChnl="4"/>
  <pages>
    <page id="0" file="gem_0.png" />
    <page id="1" file="gem_1.png" />
  </pages>
  <chars count="248">
    <char id="0" x="180" y="160" width="14" height="22" xoffset="0" yoffset="6" xadvance="16" page="0" chnl="15" />
    <char id="1" x="54" y="231" width="14" height="16" xoffset="0" yoffset="10" xadvance="16" page="0" chnl="15" />
    <char id="2" x="17" y="0" width="16" height="32" xoffset="0" yoffset="0" xadvance="16" page="0" chnl="15" />
    <char id="3" x="0" y="191" width="12" height="22" xoffset="2" yoffset="4" xadvance="16" page="0" chnl="15" />
    <char id="4" x="225" y="159" width="12" height="22" xoffset="2" yoffset="4" xadvance="16" page="0" chnl="15" />
    <char id="5" x="91" y="186" width="12" height="22" xoffset="2" yoffset="4" xadvance="16" page="0" chnl="15" />
    <char id="6" x="238" y="158" width="12" height="22" xoffset="2" yoffset="4" xadvance="16" page="0" chnl="15" />
    <char id="7" x="95" y="244" width="10" height="10" xoffset="2" yoffset="2" xadvance="16" page="0" chnl="15" />
    <char id="8" x="104" y="185" width="12" height="22" xoffset="2" yoffset="6" xadvance="16" page="0" chnl="15" />
    <char id="9" x="13" y="191" width="12" height="22" xoffset="2" yoffset="4" xadvance="16" page="0" chnl="15" />
    <char id="10" x="39" y="189" width="12" height="22" xoffset="2" yoffset="4" xadvance="16" page="0" chnl="15" />
    <char id="11" x="233" y="203" width="10" height="18" xoffset="0" yoffset="0" xadvance="16" page="0" chnl="15" />
    <char id="12" x="0" y="235" width="10" height="18" xoffset="0" yoffset="14" xadvance="16" page="0" chnl="15" />
    <char id="13" x="11" y="235" width="10" height="18" xoffset="6" yoffset="14" xadvance="16" page="0" chnl="15" />
    <char id="14" x="244" y="203" width="10" height="18" xoffset="6" yoffset="0" xadvance="16" page="0" chnl="15" />
    <char id="15" x="0" y="0" width="16" height="32" xoffset="0" yoffset="0" xadvance="16" page="0" chnl="15" />
    <char id="16" x="172" y="29" width="13" height="27" xoffset="0" yoffset="3" xadvance="16" page="0" chnl="15" />
    <char id="17" x="182" y="183" width="14" height="21" xoffset="0" yoffset="6" xadvance="16" page="0" chnl="15" />
    <char id="18" x="247" y="29" width="7" height="26" xoffset="3" yoffset="4" xadvance="16" page="0" chnl="15" />
    <char id="19" x="248" y="181" width="6" height="20" xoffset="4" yoffset="5" xadvance="16" page="0" chnl="15" />
    <char id="20" x="87" y="85" width="14" height="25" xoffset="0" yoffset="4" xadvance="16" page="0" chnl="15" />
    <char id="21" x="139" y="227" width="13" height="14" xoffset="0" yoffset="3" xadvance="16" page="0" chnl="15" />
    <char id="22" x="125" y="227" width="13" height="14" xoffset="0" yoffset="16" xadvance="16" page="0" chnl="15" />
    <char id="23" x="194" y="29" width="7" height="27" xoffset="0" yoffset="3" xadvance="16" page="0" chnl="15" />
    <char id="24" x="247" y="56" width="7" height="25" xoffset="3" yoffset="4" xadvance="16" page="0" chnl="15" />
    <char id="25" x="186" y="29" width="7" height="27" xoffset="6" yoffset="3" xadvance="16" page="0" chnl="15" />
    <char id="26" x="141" y="242" width="14" height="7" xoffset="0" yoffset="13" xadvance="16" page="0" chnl="15" />
    <char id="27" x="156" y="242" width="14" height="7" xoffset="0" yoffset="13" xadvance="16" page="0" chnl="15" />
    <char id="28" x="86" y="4" width="42" height="1" xoffset="-14" yoffset="31" xadvance="16" page="1" chnl="15" />
    <char id="29" x="215" y="242" width="36" height="1" xoffset="-10" yoffset="31" xadvance="16" page="0" chnl="15" />
    <char id="30" x="166" y="252" width="48" height="1" xoffset="-16" yoffset="31" xadvance="16" page="0" chnl="15" />
    <char id="31" x="223" y="235" width="24" height="1" xoffset="-4" yoffset="31" xadvance="16" page="0" chnl="15" />
    <char id="32" x="251" y="179" width="3" height="1" xoffset="-1" yoffset="31" xadvance="16" page="0" chnl="15" />
    <char id="33" x="158" y="160" width="4" height="24" xoffset="6" yoffset="4" xadvance="16" page="0" chnl="15" />
    <char id="34" x="164" y="227" width="12" height="12" xoffset="2" yoffset="4" xadvance="16" page="0" chnl="15" />
    <char id="35" x="197" y="182" width="16" height="20" xoffset="0" yoffset="4" xadvance="16" page="0" chnl="15" />
    <char id="36" x="239" y="0" width="12" height="28" xoffset="2" yoffset="0" xadvance="16" page="0" chnl="15" />
    <char id="37" x="0" y="214" width="12" height="20" xoffset="2" yoffset="4" xadvance="16" page="0" chnl="15" />
    <char id="38" x="64" y="0" width="14" height="28" xoffset="0" yoffset="0" xadvance="16" page="0" chnl="15" />
    <char id="39" x="220" y="222" width="4" height="12" xoffset="6" yoffset="4" xadvance="16" page="0" chnl="15" />
    <char id="40" x="247" y="133" width="8" height="24" xoffset="6" yoffset="4" xadvance="16" page="0" chnl="15" />
    <char id="41" x="117" y="160" width="8" height="24" xoffset="2" yoffset="4" xadvance="16" page="0" chnl="15" />
    <char id="42" x="231" y="182" width="16" height="20" xoffset="0" yoffset="4" xadvance="16" page="0" chnl="15" />
    <char id="43" x="69" y="229" width="12" height="16" xoffset="2" yoffset="6" xadvance="16" page="0" chnl="15" />
    <char id="44" x="208" y="222" width="6" height="12" xoffset="4" yoffset="20" xadvance="16" page="0" chnl="15" />
    <char id="45" x="201" y="237" width="12" height="4" xoffset="2" yoffset="12" xadvance="16" page="0" chnl="15" />
    <char id="46" x="251" y="222" width="4" height="8" xoffset="6" yoffset="20" xadvance="16" page="0" chnl="15" />
    <char id="47" x="39" y="114" width="12" height="24" xoffset="2" yoffset="4" xadvance="16" page="0" chnl="15" />
    <char id="48" x="182" y="135" width="12" height="24" xoffset="2" yoffset="4" xadvance="16" page="0" chnl="15" />
    <char id="49" x="169" y="135" width="12" height="24" xoffset="2" yoffset="4" xadvance="16" page="0" chnl="15" />
    <char id="50" x="130" y="135" width="12" height="24" xoffset="2" yoffset="4" xadvance="16" page="0" chnl="15" />
    <char id="51" x="117" y="135" width="12" height="24" xoffset="2" yoffset="4" xadvance="16" page="0" chnl="15" />
    <char id="52" x="91" y="136" width="12" height="24" xoffset="2" yoffset="4" xadvance="16" page="0" chnl="15" />
    <char id="53" x="65" y="137" width="12" height="24" xoffset="2" yoffset="4" xadvance="16" page="0" chnl="15" />
    <char id="54" x="39" y="139" width="12" height="24" xoffset="2" yoffset="4" xadvance="16" page="0" chnl="15" />
    <char id="55" x="13" y="141" width="12" height="24" xoffset="2" yoffset="4" xadvance="16" page="0" chnl="15" />
    <char id="56" x="234" y="108" width="12" height="24" xoffset="2" yoffset="4" xadvance="16" page="0" chnl="15" />
    <char id="57" x="221" y="109" width="12" height="24" xoffset="2" yoffset="4" xadvance="16" page="0" chnl="15" />
    <char id="58" x="251" y="158" width="4" height="20" xoffset="6" yoffset="8" xadvance="16" page="0" chnl="15" />
    <char id="59" x="248" y="82" width="6" height="24" xoffset="4" yoffset="8" xadvance="16" page="0" chnl="15" />
    <char id="60" x="30" y="214" width="14" height="18" xoffset="0" yoffset="6" xadvance="16" page="0" chnl="15" />
    <char id="61" x="177" y="227" width="12" height="12" xoffset="2" yoffset="8" xadvance="16" page="0" chnl="15" />
    <char id="62" x="60" y="210" width="14" height="18" xoffset="0" yoffset="6" xadvance="16" page="0" chnl="15" />
    <char id="63" x="0" y="141" width="12" height="24" xoffset="2" yoffset="4" xadvance="16" page="0" chnl="15" />
    <char id="64" x="192" y="84" width="14" height="24" xoffset="0" yoffset="4" xadvance="16" page="0" chnl="15" />
    <char id="65" x="52" y="162" width="12" height="24" xoffset="2" yoffset="4" xadvance="16" page="0" chnl="15" />
    <char id="66" x="104" y="160" width="12" height="24" xoffset="2" yoffset="4" xadvance="16" page="0" chnl="15" />
    <char id="67" x="0" y="166" width="12" height="24" xoffset="2" yoffset="4" xadvance="16" page="0" chnl="15" />
    <char id="68" x="26" y="166" width="12" height="24" xoffset="2" yoffset="4" xadvance="16" page="0" chnl="15" />
    <char id="69" x="78" y="162" width="12" height="24" xoffset="2" yoffset="4" xadvance="16" page="0" chnl="15" />
    <char id="70" x="91" y="161" width="12" height="24" xoffset="2" yoffset="4" xadvance="16" page="0" chnl="15" />
    <char id="71" x="222" y="83" width="12" height="24" xoffset="2" yoffset="4" xadvance="16" page="0" chnl="15" />
    <char id="72" x="235" y="83" width="12" height="24" xoffset="2" yoffset="4" xadvance="16" page="0" chnl="15" />
    <char id="73" x="0" y="116" width="12" height="24" xoffset="2" yoffset="4" xadvance="16" page="0" chnl="15" />
    <char id="74" x="13" y="116" width="12" height="24" xoffset="2" yoffset="4" xadvance="16" page="0" chnl="15" />
    <char id="75" x="147" y="85" width="14" height="24" xoffset="0" yoffset="4" xadvance="16" page="0" chnl="15" />
    <char id="76" x="26" y="116" width="12" height="24" xoffset="2" yoffset="4" xadvance="16" page="0" chnl="15" />
    <char id="77" x="177" y="85" width="14" height="24" xoffset="0" yoffset="4" xadvance="16" page="0" chnl="15" />
    <char id="78" x="52" y="112" width="12" height="24" xoffset="2" yoffset="4" xadvance="16" page="0" chnl="15" />
    <char id="79" x="65" y="112" width="12" height="24" xoffset="2" yoffset="4" xadvance="16" page="0" chnl="15" />
    <char id="80" x="78" y="112" width="12" height="24" xoffset="2" yoffset="4" xadvance="16" page="0" chnl="15" />
    <char id="81" x="91" y="111" width="12" height="24" xoffset="2" yoffset="4" xadvance="16" page="0" chnl="15" />
    <char id="82" x="102" y="85" width="14" height="24" xoffset="0" yoffset="4" xadvance="16" page="0" chnl="15" />
    <char id="83" x="104" y="110" width="12" height="24" xoffset="2" yoffset="4" xadvance="16" page="0" chnl="15" />
    <char id="84" x="117" y="110" width="12" height="24" xoffset="2" yoffset="4" xadvance="16" page="0" chnl="15" />
    <char id="85" x="130" y="110" width="12" height="24" xoffset="2" yoffset="4" xadvance="16" page="0" chnl="15" />
    <char id="86" x="208" y="109" width="12" height="24" xoffset="2" yoffset="4" xadvance="16" page="0" chnl="15" />
    <char id="87" x="117" y="85" width="14" height="24" xoffset="0" yoffset="4" xadvance="16" page="0" chnl="15" />
    <char id="88" x="143" y="110" width="12" height="24" xoffset="2" yoffset="4" xadvance="16" page="0" chnl="15" />
    <char id="89" x="156" y="110" width="12" height="24" xoffset="2" yoffset="4" xadvance="16" page="0" chnl="15" />
    <char id="90" x="169" y="110" width="12" height="24" xoffset="2" yoffset="4" xadvance="16" page="0" chnl="15" />
    <char id="91" x="126" y="160" width="8" height="24" xoffset="6" yoffset="4" xadvance="16" page="0" chnl="15" />
    <char id="92" x="195" y="109" width="12" height="24" xoffset="2" yoffset="4" xadvance="16" page="0" chnl="15" />
    <char id="93" x="247" y="108" width="8" height="24" xoffset="2" yoffset="4" xadvance="16" page="0" chnl="15" />
    <char id="94" x="39" y="233" width="14" height="16" xoffset="0" yoffset="2" xadvance="16" page="0" chnl="15" />
    <char id="95" x="186" y="240" width="14" height="4" xoffset="0" yoffset="24" xadvance="16" page="0" chnl="15" />
    <char id="96" x="153" y="227" width="10" height="14" xoffset="2" yoffset="0" xadvance="16" page="0" chnl="15" />
    <char id="97" x="181" y="206" width="12" height="18" xoffset="2" yoffset="10" xadvance="16" page="0" chnl="15" />
    <char id="98" x="26" y="141" width="12" height="24" xoffset="2" yoffset="4" xadvance="16" page="0" chnl="15" />
    <char id="99" x="194" y="205" width="12" height="18" xoffset="2" yoffset="10" xadvance="16" page="0" chnl="15" />
    <char id="100" x="52" y="137" width="12" height="24" xoffset="2" yoffset="4" xadvance="16" page="0" chnl="15" />
    <char id="101" x="207" y="203" width="12" height="18" xoffset="2" yoffset="10" xadvance="16" page="0" chnl="15" />
    <char id="102" x="78" y="137" width="12" height="24" xoffset="2" yoffset="4" xadvance="16" page="0" chnl="15" />
    <char id="103" x="156" y="185" width="12" height="22" xoffset="2" yoffset="10" xadvance="16" page="0" chnl="15" />
    <char id="104" x="104" y="135" width="12" height="24" xoffset="2" yoffset="4" xadvance="16" page="0" chnl="15" />
    <char id="105" x="135" y="160" width="8" height="24" xoffset="4" yoffset="4" xadvance="16" page="0" chnl="15" />
    <char id="106" x="156" y="29" width="10" height="28" xoffset="2" yoffset="4" xadvance="16" page="0" chnl="15" />
    <char id="107" x="162" y="85" width="14" height="24" xoffset="0" yoffset="4" xadvance="16" page="0" chnl="15" />
    <char id="108" x="144" y="160" width="8" height="24" xoffset="4" yoffset="4" xadvance="16" page="0" chnl="15" />
    <char id="109" x="45" y="212" width="14" height="18" xoffset="0" yoffset="10" xadvance="16" page="0" chnl="15" />
    <char id="110" x="129" y="208" width="12" height="18" xoffset="2" yoffset="10" xadvance="16" page="0" chnl="15" />
    <char id="111" x="168" y="208" width="12" height="18" xoffset="2" yoffset="10" xadvance="16" page="0" chnl="15" />
    <char id="112" x="65" y="187" width="12" height="22" xoffset="2" yoffset="10" xadvance="16" page="0" chnl="15" />
    <char id="113" x="78" y="187" width="12" height="22" xoffset="2" yoffset="10" xadvance="16" page="0" chnl="15" />
    <char id="114" x="116" y="208" width="12" height="18" xoffset="2" yoffset="10" xadvance="16" page="0" chnl="15" />
    <char id="115" x="155" y="208" width="12" height="18" xoffset="2" yoffset="10" xadvance="16" page="0" chnl="15" />
    <char id="116" x="117" y="185" width="12" height="22" xoffset="2" yoffset="6" xadvance="16" page="0" chnl="15" />
    <char id="117" x="142" y="208" width="12" height="18" xoffset="2" yoffset="10" xadvance="16" page="0" chnl="15" />
    <char id="118" x="103" y="209" width="12" height="18" xoffset="2" yoffset="10" xadvance="16" page="0" chnl="15" />
    <char id="119" x="75" y="210" width="14" height="18" xoffset="0" yoffset="10" xadvance="16" page="0" chnl="15" />
    <char id="120" x="90" y="210" width="12" height="18" xoffset="2" yoffset="10" xadvance="16" page="0" chnl="15" />
    <char id="121" x="52" y="187" width="12" height="22" xoffset="2" yoffset="10" xadvance="16" page="0" chnl="15" />
    <char id="122" x="220" y="203" width="12" height="18" xoffset="2" yoffset="10" xadvance="16" page="0" chnl="15" />
    <char id="123" x="79" y="0" width="14" height="28" xoffset="0" yoffset="2" xadvance="16" page="0" chnl="15" />
    <char id="124" x="167" y="29" width="4" height="28" xoffset="6" yoffset="2" xadvance="16" page="0" chnl="15" />
    <char id="125" x="94" y="0" width="14" height="28" xoffset="0" yoffset="2" xadvance="16" page="0" chnl="15" />
    <char id="126" x="117" y="243" width="14" height="8" xoffset="0" yoffset="10" xadvance="16" page="0" chnl="15" />
    <char id="127" x="22" y="233" width="16" height="16" xoffset="0" yoffset="10" xadvance="16" page="0" chnl="15" />
    <char id="128" x="43" y="4" width="42" height="1" xoffset="-14" yoffset="31" xadvance="16" page="1" chnl="15" />
    <char id="129" x="117" y="254" width="48" height="1" xoffset="-16" yoffset="31" xadvance="16" page="0" chnl="15" />
    <char id="130" x="166" y="254" width="48" height="1" xoffset="-16" yoffset="31" xadvance="16" page="0" chnl="15" />
    <char id="131" x="0" y="254" width="48" height="1" xoffset="-16" yoffset="31" xadvance="16" page="0" chnl="15" />
    <char id="132" x="22" y="252" width="48" height="1" xoffset="-16" yoffset="31" xadvance="16" page="0" chnl="15" />
    <char id="133" x="0" y="4" width="42" height="1" xoffset="-14" yoffset="31" xadvance="16" page="1" chnl="15" />
    <char id="134" x="172" y="2" width="42" height="1" xoffset="-14" yoffset="31" xadvance="16" page="1" chnl="15" />
    <char id="135" x="129" y="2" width="42" height="1" xoffset="-14" yoffset="31" xadvance="16" page="1" chnl="15" />
    <char id="136" x="0" y="0" width="48" height="1" xoffset="-16" yoffset="31" xadvance="16" page="1" chnl="15" />
    <char id="137" x="166" y="250" width="48" height="1" xoffset="-16" yoffset="31" xadvance="16" page="0" chnl="15" />
    <char id="138" x="117" y="252" width="48" height="1" xoffset="-16" yoffset="31" xadvance="16" page="0" chnl="15" />
    <char id="139" x="22" y="250" width="48" height="1" xoffset="-16" yoffset="31" xadvance="16" page="0" chnl="15" />
    <char id="140" x="215" y="250" width="36" height="1" xoffset="-10" yoffset="31" xadvance="16" page="0" chnl="15" />
    <char id="141" x="215" y="244" width="36" height="1" xoffset="-10" yoffset="31" xadvance="16" page="0" chnl="15" />
    <char id="142" x="47" y="29" width="3" height="1" xoffset="-1" yoffset="31" xadvance="16" page="0" chnl="15" />
    <char id="143" x="163" y="183" width="3" height="1" xoffset="-1" yoffset="31" xadvance="16" page="0" chnl="15" />
    <char id="144" x="86" y="2" width="42" height="1" xoffset="-14" yoffset="31" xadvance="16" page="1" chnl="15" />
    <char id="145" x="225" y="233" width="12" height="1" xoffset="6" yoffset="31" xadvance="16" page="0" chnl="15" />
    <char id="146" x="43" y="2" width="42" height="1" xoffset="-14" yoffset="31" xadvance="16" page="1" chnl="15" />
    <char id="147" x="215" y="240" width="36" height="1" xoffset="-10" yoffset="31" xadvance="16" page="0" chnl="15" />
    <char id="148" x="0" y="2" width="42" height="1" xoffset="-14" yoffset="31" xadvance="16" page="1" chnl="15" />
    <char id="149" x="49" y="254" width="42" height="1" xoffset="-14" yoffset="31" xadvance="16" page="0" chnl="15" />
    <char id="150" x="178" y="0" width="42" height="1" xoffset="-14" yoffset="31" xadvance="16" page="1" chnl="15" />
    <char id="151" x="135" y="0" width="42" height="1" xoffset="-14" yoffset="31" xadvance="16" page="1" chnl="15" />
    <char id="152" x="92" y="0" width="42" height="1" xoffset="-14" yoffset="31" xadvance="16" page="1" chnl="15" />
    <char id="153" x="49" y="0" width="42" height="1" xoffset="-14" yoffset="31" xadvance="16" page="1" chnl="15" />
    <char id="154" x="215" y="248" width="36" height="1" xoffset="-10" yoffset="31" xadvance="16" page="0" chnl="15" />
    <char id="155" x="215" y="246" width="36" height="1" xoffset="-10" yoffset="31" xadvance="16" page="0" chnl="15" />
    <char id="156" x="197" y="203" width="3" height="1" xoffset="-1" yoffset="31" xadvance="16" page="0" chnl="15" />
    <char id="157" x="34" y="31" width="3" height="1" xoffset="-1" yoffset="31" xadvance="16" page="0" chnl="15" />
    <char id="158" x="252" y="0" width="3" height="1" xoffset="-1" yoffset="31" xadvance="16" page="0" chnl="15" />
    <char id="159" x="215" y="252" width="36" height="1" xoffset="-10" yoffset="31" xadvance="16" page="0" chnl="15" />
    <char id="160" x="39" y="212" width="3" height="1" xoffset="-1" yoffset="31" xadvance="16" page="0" chnl="15" />
    <char id="161" x="153" y="160" width="4" height="24" xoffset="6" yoffset="6" xadvance="16" page="0" chnl="15" />
    <char id="162" x="182" y="110" width="12" height="24" xoffset="2" yoffset="4" xadvance="16" page="0" chnl="15" />
    <char id="163" x="202" y="29" width="16" height="26" xoffset="0" yoffset="2" xadvance="16" page="0" chnl="15" />
    <char id="165" x="208" y="134" width="12" height="24" xoffset="2" yoffset="4" xadvance="16" page="0" chnl="15" />
    <char id="167" x="39" y="164" width="12" height="24" xoffset="2" yoffset="4" xadvance="16" page="0" chnl="15" />
    <char id="169" x="210" y="159" width="14" height="22" xoffset="0" yoffset="4" xadvance="16" page="0" chnl="15" />
    <char id="170" x="169" y="183" width="12" height="22" xoffset="2" yoffset="8" xadvance="16" page="0" chnl="15" />
    <char id="171" x="110" y="228" width="14" height="14" xoffset="0" yoffset="12" xadvance="16" page="0" chnl="15" />
    <char id="172" x="225" y="222" width="12" height="10" xoffset="2" yoffset="18" xadvance="16" page="0" chnl="15" />
    <char id="173" x="214" y="235" width="8" height="4" xoffset="4" yoffset="18" xadvance="16" page="0" chnl="15" />
    <char id="174" x="195" y="159" width="14" height="22" xoffset="0" yoffset="4" xadvance="16" page="0" chnl="15" />
    <char id="175" x="171" y="240" width="14" height="4" xoffset="0" yoffset="2" xadvance="16" page="0" chnl="15" />
    <char id="176" x="106" y="244" width="10" height="10" xoffset="2" yoffset="2" xadvance="16" page="0" chnl="15" />
    <char id="177" x="143" y="185" width="12" height="22" xoffset="2" yoffset="6" xadvance="16" page="0" chnl="15" />
    <char id="178" x="199" y="224" width="8" height="12" xoffset="2" yoffset="4" xadvance="16" page="0" chnl="15" />
    <char id="179" x="190" y="225" width="8" height="12" xoffset="2" yoffset="4" xadvance="16" page="0" chnl="15" />
    <char id="181" x="214" y="182" width="16" height="20" xoffset="0" yoffset="10" xadvance="16" page="0" chnl="15" />
    <char id="182" x="207" y="84" width="14" height="24" xoffset="0" yoffset="4" xadvance="16" page="0" chnl="15" />
    <char id="183" x="132" y="242" width="8" height="8" xoffset="4" yoffset="14" xadvance="16" page="0" chnl="15" />
    <char id="185" x="215" y="222" width="4" height="12" xoffset="2" yoffset="4" xadvance="16" page="0" chnl="15" />
    <char id="186" x="130" y="185" width="12" height="22" xoffset="2" yoffset="8" xadvance="16" page="0" chnl="15" />
    <char id="187" x="95" y="229" width="14" height="14" xoffset="0" yoffset="12" xadvance="16" page="0" chnl="15" />
    <char id="191" x="13" y="166" width="12" height="24" xoffset="2" yoffset="4" xadvance="16" page="0" chnl="15" />
    <char id="192" x="39" y="31" width="12" height="28" xoffset="2" yoffset="0" xadvance="16" page="0" chnl="15" />
    <char id="193" x="52" y="29" width="12" height="28" xoffset="2" yoffset="0" xadvance="16" page="0" chnl="15" />
    <char id="194" x="130" y="29" width="12" height="28" xoffset="2" yoffset="0" xadvance="16" page="0" chnl="15" />
    <char id="195" x="135" y="0" width="12" height="28" xoffset="2" yoffset="0" xadvance="16" page="0" chnl="15" />
    <char id="196" x="117" y="58" width="12" height="26" xoffset="2" yoffset="2" xadvance="16" page="0" chnl="15" />
    <char id="197" x="213" y="0" width="12" height="28" xoffset="2" yoffset="0" xadvance="16" page="0" chnl="15" />
    <char id="198" x="219" y="29" width="14" height="26" xoffset="0" yoffset="2" xadvance="16" page="0" chnl="15" />
    <char id="199" x="13" y="33" width="12" height="28" xoffset="2" yoffset="4" xadvance="16" page="0" chnl="15" />
    <char id="200" x="26" y="33" width="12" height="28" xoffset="2" yoffset="0" xadvance="16" page="0" chnl="15" />
    <char id="201" x="65" y="29" width="12" height="28" xoffset="2" yoffset="0" xadvance="16" page="0" chnl="15" />
    <char id="202" x="78" y="29" width="12" height="28" xoffset="2" yoffset="0" xadvance="16" page="0" chnl="15" />
    <char id="203" x="91" y="58" width="12" height="26" xoffset="2" yoffset="2" xadvance="16" page="0" chnl="15" />
    <char id="204" x="91" y="29" width="12" height="28" xoffset="2" yoffset="0" xadvance="16" page="0" chnl="15" />
    <char id="205" x="104" y="29" width="12" height="28" xoffset="2" yoffset="0" xadvance="16" page="0" chnl="15" />
    <char id="206" x="200" y="0" width="12" height="28" xoffset="2" yoffset="0" xadvance="16" page="0" chnl="15" />
    <char id="207" x="52" y="85" width="12" height="26" xoffset="2" yoffset="2" xadvance="16" page="0" chnl="15" />
    <char id="208" x="132" y="85" width="14" height="24" xoffset="0" yoffset="4" xadvance="16" page="0" chnl="15" />
    <char id="209" x="39" y="87" width="12" height="26" xoffset="2" yoffset="2" xadvance="16" page="0" chnl="15" />
    <char id="210" x="148" y="0" width="12" height="28" xoffset="2" yoffset="0" xadvance="16" page="0" chnl="15" />
    <char id="211" x="187" y="0" width="12" height="28" xoffset="2" yoffset="0" xadvance="16" page="0" chnl="15" />
    <char id="212" x="174" y="0" width="12" height="28" xoffset="2" yoffset="0" xadvance="16" page="0" chnl="15" />
    <char id="213" x="161" y="0" width="12" height="28" xoffset="2" yoffset="0" xadvance="16" page="0" chnl="15" />
    <char id="214" x="26" y="89" width="12" height="26" xoffset="2" yoffset="2" xadvance="16" page="0" chnl="15" />
    <char id="215" x="238" y="222" width="12" height="10" xoffset="2" yoffset="14" xadvance="16" page="0" chnl="15" />
    <char id="216" x="47" y="0" width="16" height="28" xoffset="0" yoffset="2" xadvance="16" page="0" chnl="15" />
    <char id="217" x="122" y="0" width="12" height="28" xoffset="2" yoffset="0" xadvance="16" page="0" chnl="15" />
    <char id="218" x="109" y="0" width="12" height="28" xoffset="2" yoffset="0" xadvance="16" page="0" chnl="15" />
    <char id="219" x="226" y="0" width="12" height="28" xoffset="2" yoffset="0" xadvance="16" page="0" chnl="15" />
    <char id="220" x="13" y="89" width="12" height="26" xoffset="2" yoffset="2" xadvance="16" page="0" chnl="15" />
    <char id="221" x="143" y="29" width="12" height="28" xoffset="2" yoffset="0" xadvance="16" page="0" chnl="15" />
    <char id="222" x="221" y="134" width="12" height="24" xoffset="2" yoffset="4" xadvance="16" page="0" chnl="15" />
    <char id="223" x="0" y="89" width="12" height="26" xoffset="2" yoffset="4" xadvance="16" page="0" chnl="15" />
    <char id="224" x="143" y="58" width="12" height="26" xoffset="2" yoffset="2" xadvance="16" page="0" chnl="15" />
    <char id="225" x="234" y="56" width="12" height="26" xoffset="2" yoffset="2" xadvance="16" page="0" chnl="15" />
    <char id="226" x="221" y="56" width="12" height="26" xoffset="2" yoffset="2" xadvance="16" page="0" chnl="15" />
    <char id="227" x="208" y="56" width="12" height="26" xoffset="2" yoffset="2" xadvance="16" page="0" chnl="15" />
    <char id="228" x="234" y="133" width="12" height="24" xoffset="2" yoffset="4" xadvance="16" page="0" chnl="15" />
    <char id="229" x="195" y="57" width="12" height="26" xoffset="2" yoffset="2" xadvance="16" page="0" chnl="15" />
    <char id="230" x="13" y="214" width="16" height="18" xoffset="0" yoffset="10" xadvance="16" page="0" chnl="15" />
    <char id="231" x="26" y="191" width="12" height="22" xoffset="2" yoffset="10" xadvance="16" page="0" chnl="15" />
    <char id="232" x="182" y="57" width="12" height="26" xoffset="2" yoffset="2" xadvance="16" page="0" chnl="15" />
    <char id="233" x="169" y="58" width="12" height="26" xoffset="2" yoffset="2" xadvance="16" page="0" chnl="15" />
    <char id="234" x="156" y="58" width="12" height="26" xoffset="2" yoffset="2" xadvance="16" page="0" chnl="15" />
    <char id="235" x="195" y="134" width="12" height="24" xoffset="2" yoffset="4" xadvance="16" page="0" chnl="15" />
    <char id="236" x="76" y="85" width="10" height="26" xoffset="2" yoffset="2" xadvance="16" page="0" chnl="15" />
    <char id="237" x="65" y="85" width="10" height="26" xoffset="4" yoffset="2" xadvance="16" page="0" chnl="15" />
    <char id="238" x="104" y="58" width="12" height="26" xoffset="2" yoffset="2" xadvance="16" page="0" chnl="15" />
    <char id="239" x="156" y="135" width="12" height="24" xoffset="2" yoffset="4" xadvance="16" page="0" chnl="15" />
    <char id="240" x="78" y="58" width="12" height="26" xoffset="2" yoffset="2" xadvance="16" page="0" chnl="15" />
    <char id="241" x="65" y="58" width="12" height="26" xoffset="2" yoffset="2" xadvance="16" page="0" chnl="15" />
    <char id="242" x="52" y="58" width="12" height="26" xoffset="2" yoffset="2" xadvance="16" page="0" chnl="15" />
    <char id="243" x="39" y="60" width="12" height="26" xoffset="2" yoffset="2" xadvance="16" page="0" chnl="15" />
    <char id="244" x="26" y="62" width="12" height="26" xoffset="2" yoffset="2" xadvance="16" page="0" chnl="15" />
    <char id="245" x="13" y="62" width="12" height="26" xoffset="2" yoffset="2" xadvance="16" page="0" chnl="15" />
    <char id="246" x="143" y="135" width="12" height="24" xoffset="2" yoffset="4" xadvance="16" page="0" chnl="15" />
    <char id="247" x="82" y="229" width="12" height="16" xoffset="2" yoffset="6" xadvance="16" page="0" chnl="15" />
    <char id="248" x="163" y="160" width="16" height="22" xoffset="0" yoffset="8" xadvance="16" page="0" chnl="15" />
    <char id="249" x="234" y="29" width="12" height="26" xoffset="2" yoffset="2" xadvance="16" page="0" chnl="15" />
    <char id="250" x="0" y="62" width="12" height="26" xoffset="2" yoffset="2" xadvance="16" page="0" chnl="15" />
    <char id="251" x="130" y="58" width="12" height="26" xoffset="2" yoffset="2" xadvance="16" page="0" chnl="15" />
    <char id="252" x="65" y="162" width="12" height="24" xoffset="2" yoffset="4" xadvance="16" page="0" chnl="15" />
    <char id="253" x="34" y="0" width="12" height="30" xoffset="2" yoffset="2" xadvance="16" page="0" chnl="15" />
    <char id="254" x="0" y="33" width="12" height="28" xoffset="2" yoffset="4" xadvance="16" page="0" chnl="15" />
    <char id="255" x="117" y="29" width="12" height="28" xoffset="2" yoffset="4" xadvance="16" page="0" chnl="15" />
  </chars>
</font>
