<font>
  <info face="font" size="128" bold="0" italic="0" charset="" unicode="" stretchH="100" smooth="1" aa="1" padding="2,2,2,2" spacing="0,0" outline="0"/>
  <common lineHeight="144" base="94" scaleW="1178" scaleH="512" pages="1" packed="0"/>
  <pages>
    <page id="0" file="font.png"/>
  </pages>
  <chars count="91">
    <char id="97" x="2" y="2" width="64" height="72" xoffset="4" yoffset="25" xadvance="73" page="0" chnl="15"/>
    <char id="98" x="2" y="76" width="64" height="96" xoffset="4" yoffset="1" xadvance="73" page="0" chnl="15"/>
    <char id="99" x="2" y="174" width="64" height="72" xoffset="4" yoffset="25" xadvance="69" page="0" chnl="15"/>
    <char id="100" x="2" y="248" width="64" height="96" xoffset="4" yoffset="1" xadvance="73" page="0" chnl="15"/>
    <char id="101" x="2" y="346" width="68" height="72" xoffset="4" yoffset="25" xadvance="77" page="0" chnl="15"/>
    <char id="102" x="68" y="2" width="60" height="96" xoffset="1" yoffset="1" xadvance="56" page="0" chnl="15"/>
    <char id="103" x="68" y="100" width="68" height="100" xoffset="0" yoffset="25" xadvance="73" page="0" chnl="15"/>
    <char id="104" x="130" y="2" width="64" height="96" xoffset="4" yoffset="1" xadvance="73" page="0" chnl="15"/>
    <char id="105" x="68" y="202" width="23" height="96" xoffset="6" yoffset="1" xadvance="36" page="0" chnl="15"/>
    <char id="106" x="72" y="300" width="48" height="124" xoffset="-5" yoffset="1" xadvance="48" page="0" chnl="15"/>
    <char id="107" x="2" y="426" width="70" height="84" xoffset="4" yoffset="13" xadvance="75" page="0" chnl="15"/>
    <char id="108" x="93" y="202" width="23" height="96" xoffset="6" yoffset="1" xadvance="36" page="0" chnl="15"/>
    <char id="109" x="74" y="426" width="80" height="72" xoffset="4" yoffset="25" xadvance="89" page="0" chnl="15"/>
    <char id="110" x="118" y="202" width="64" height="72" xoffset="4" yoffset="25" xadvance="73" page="0" chnl="15"/>
    <char id="111" x="138" y="100" width="64" height="72" xoffset="4" yoffset="25" xadvance="73" page="0" chnl="15"/>
    <char id="112" x="122" y="276" width="64" height="100" xoffset="4" yoffset="25" xadvance="73" page="0" chnl="15"/>
    <char id="113" x="184" y="174" width="64" height="100" xoffset="4" yoffset="25" xadvance="73" page="0" chnl="15"/>
    <char id="114" x="196" y="2" width="64" height="72" xoffset="4" yoffset="25" xadvance="64" page="0" chnl="15"/>
    <char id="115" x="204" y="76" width="68" height="72" xoffset="4" yoffset="25" xadvance="75" page="0" chnl="15"/>
    <char id="116" x="156" y="378" width="52" height="96" xoffset="4" yoffset="1" xadvance="57" page="0" chnl="15"/>
    <char id="117" x="262" y="2" width="64" height="72" xoffset="4" yoffset="25" xadvance="73" page="0" chnl="15"/>
    <char id="118" x="188" y="276" width="68" height="74" xoffset="0" yoffset="25" xadvance="69" page="0" chnl="15"/>
    <char id="119" x="250" y="150" width="80" height="72" xoffset="4" yoffset="25" xadvance="89" page="0" chnl="15"/>
    <char id="120" x="274" y="76" width="72" height="72" xoffset="3" yoffset="25" xadvance="78" page="0" chnl="15"/>
    <char id="121" x="210" y="352" width="68" height="100" xoffset="0" yoffset="25" xadvance="69" page="0" chnl="15"/>
    <char id="122" x="328" y="2" width="68" height="72" xoffset="2" yoffset="25" xadvance="71" page="0" chnl="15"/>
    <char id="65" x="258" y="224" width="80" height="84" xoffset="0" yoffset="13" xadvance="85" page="0" chnl="15"/>
    <char id="66" x="280" y="310" width="77" height="84" xoffset="4" yoffset="13" xadvance="83" page="0" chnl="15"/>
    <char id="67" x="280" y="396" width="68" height="84" xoffset="4" yoffset="13" xadvance="73" page="0" chnl="15"/>
    <char id="68" x="350" y="396" width="77" height="84" xoffset="4" yoffset="13" xadvance="83" page="0" chnl="15"/>
    <char id="69" x="340" y="150" width="68" height="84" xoffset="4" yoffset="13" xadvance="77" page="0" chnl="15"/>
    <char id="70" x="398" y="2" width="68" height="84" xoffset="4" yoffset="13" xadvance="73" page="0" chnl="15"/>
    <char id="71" x="359" y="236" width="68" height="84" xoffset="4" yoffset="13" xadvance="77" page="0" chnl="15"/>
    <char id="72" x="410" y="88" width="68" height="84" xoffset="4" yoffset="13" xadvance="77" page="0" chnl="15"/>
    <char id="73" x="468" y="2" width="23" height="84" xoffset="6" yoffset="13" xadvance="36" page="0" chnl="15"/>
    <char id="74" x="429" y="174" width="68" height="84" xoffset="4" yoffset="13" xadvance="77" page="0" chnl="15"/>
    <char id="75" x="480" y="88" width="75" height="84" xoffset="4" yoffset="13" xadvance="80" page="0" chnl="15"/>
    <char id="76" x="493" y="2" width="68" height="84" xoffset="4" yoffset="13" xadvance="73" page="0" chnl="15"/>
    <char id="77" x="429" y="260" width="100" height="84" xoffset="4" yoffset="13" xadvance="109" page="0" chnl="15"/>
    <char id="78" x="499" y="174" width="80" height="84" xoffset="4" yoffset="13" xadvance="89" page="0" chnl="15"/>
    <char id="79" x="557" y="88" width="68" height="84" xoffset="4" yoffset="13" xadvance="77" page="0" chnl="15"/>
    <char id="80" x="563" y="2" width="68" height="84" xoffset="4" yoffset="13" xadvance="77" page="0" chnl="15"/>
    <char id="81" x="429" y="346" width="76" height="96" xoffset="4" yoffset="13" xadvance="81" page="0" chnl="15"/>
    <char id="82" x="507" y="346" width="73" height="84" xoffset="4" yoffset="13" xadvance="78" page="0" chnl="15"/>
    <char id="83" x="531" y="260" width="72" height="84" xoffset="3" yoffset="13" xadvance="77" page="0" chnl="15"/>
    <char id="84" x="581" y="174" width="76" height="84" xoffset="4" yoffset="13" xadvance="81" page="0" chnl="15"/>
    <char id="85" x="627" y="88" width="68" height="84" xoffset="4" yoffset="13" xadvance="77" page="0" chnl="15"/>
    <char id="86" x="633" y="2" width="80" height="84" xoffset="4" yoffset="13" xadvance="85" page="0" chnl="15"/>
    <char id="87" x="582" y="346" width="100" height="84" xoffset="4" yoffset="13" xadvance="109" page="0" chnl="15"/>
    <char id="88" x="605" y="260" width="80" height="84" xoffset="3" yoffset="13" xadvance="86" page="0" chnl="15"/>
    <char id="89" x="659" y="174" width="87" height="84" xoffset="0" yoffset="13" xadvance="88" page="0" chnl="15"/>
    <char id="90" x="697" y="88" width="72" height="84" xoffset="1" yoffset="13" xadvance="74" page="0" chnl="15"/>
    <char id="33" x="715" y="2" width="23" height="84" xoffset="4" yoffset="13" xadvance="32" page="0" chnl="15"/>
    <char id="8470" x="118" y="276" width="0" height="0" xoffset="0" yoffset="94" xadvance="79" page="0" chnl="15"/>
    <char id="59" x="740" y="2" width="23" height="84" xoffset="6" yoffset="33" xadvance="36" page="0" chnl="15"/>
    <char id="37" x="684" y="346" width="73" height="119" xoffset="4" yoffset="1" xadvance="82" page="0" chnl="15"/>
    <char id="58" x="429" y="444" width="23" height="64" xoffset="6" yoffset="33" xadvance="36" page="0" chnl="15"/>
    <char id="63" x="765" y="2" width="68" height="84" xoffset="4" yoffset="13" xadvance="77" page="0" chnl="15"/>
    <char id="42" x="122" y="378" width="31" height="33" xoffset="4" yoffset="13" xadvance="40" page="0" chnl="15"/>
    <char id="40" x="748" y="174" width="37" height="123" xoffset="4" yoffset="1" xadvance="46" page="0" chnl="15"/>
    <char id="41" x="759" y="299" width="37" height="123" xoffset="4" yoffset="1" xadvance="46" page="0" chnl="15"/>
    <char id="95" x="156" y="482" width="88" height="23" xoffset="0" yoffset="98" xadvance="89" page="0" chnl="15"/>
    <char id="43" x="507" y="432" width="72" height="72" xoffset="4" yoffset="19" xadvance="81" page="0" chnl="15"/>
    <char id="45" x="210" y="454" width="62" height="23" xoffset="4" yoffset="43" xadvance="71" page="0" chnl="15"/>
    <char id="61" x="581" y="432" width="76" height="55" xoffset="5" yoffset="25" xadvance="87" page="0" chnl="15"/>
    <char id="46" x="659" y="432" width="23" height="23" xoffset="4" yoffset="74" xadvance="32" page="0" chnl="15"/>
    <char id="44" x="659" y="457" width="23" height="44" xoffset="4" yoffset="74" xadvance="32" page="0" chnl="15"/>
    <char id="47" x="787" y="88" width="49" height="119" xoffset="6" yoffset="1" xadvance="59" page="0" chnl="15"/>
    <char id="124" x="798" y="209" width="23" height="120" xoffset="4" yoffset="1" xadvance="32" page="0" chnl="15"/>
    <char id="34" x="138" y="174" width="40" height="23" xoffset="4" yoffset="9" xadvance="48" page="0" chnl="15"/>
    <char id="39" x="246" y="482" width="24" height="23" xoffset="4" yoffset="9" xadvance="32" page="0" chnl="15"/>
    <char id="64" x="798" y="331" width="129" height="128" xoffset="4" yoffset="0" xadvance="138" page="0" chnl="15"/>
    <char id="35" x="823" y="209" width="91" height="92" xoffset="4" yoffset="9" xadvance="100" page="0" chnl="15"/>
    <char id="36" x="838" y="2" width="72" height="100" xoffset="4" yoffset="5" xadvance="81" page="0" chnl="15"/>
    <char id="94" x="684" y="467" width="44" height="42" xoffset="4" yoffset="13" xadvance="53" page="0" chnl="15"/>
    <char id="38" x="838" y="104" width="95" height="84" xoffset="4" yoffset="13" xadvance="104" page="0" chnl="15"/>
    <char id="123" x="916" y="190" width="54" height="128" xoffset="4" yoffset="1" xadvance="63" page="0" chnl="15"/>
    <char id="125" x="935" y="2" width="54" height="128" xoffset="4" yoffset="1" xadvance="63" page="0" chnl="15"/>
    <char id="91" x="929" y="320" width="37" height="120" xoffset="4" yoffset="1" xadvance="46" page="0" chnl="15"/>
    <char id="93" x="968" y="320" width="37" height="120" xoffset="4" yoffset="1" xadvance="46" page="0" chnl="15"/>
    <char id="48" x="972" y="132" width="64" height="84" xoffset="4" yoffset="13" xadvance="73" page="0" chnl="15"/>
    <char id="49" x="687" y="260" width="38" height="84" xoffset="3" yoffset="13" xadvance="46" page="0" chnl="15"/>
    <char id="50" x="972" y="218" width="72" height="84" xoffset="4" yoffset="13" xadvance="81" page="0" chnl="15"/>
    <char id="51" x="991" y="2" width="72" height="84" xoffset="0" yoffset="13" xadvance="77" page="0" chnl="15"/>
    <char id="52" x="1038" y="88" width="68" height="84" xoffset="1" yoffset="13" xadvance="74" page="0" chnl="15"/>
    <char id="53" x="1065" y="2" width="68" height="84" xoffset="4" yoffset="13" xadvance="77" page="0" chnl="15"/>
    <char id="54" x="1007" y="304" width="64" height="84" xoffset="4" yoffset="13" xadvance="73" page="0" chnl="15"/>
    <char id="55" x="1007" y="390" width="68" height="84" xoffset="0" yoffset="13" xadvance="70" page="0" chnl="15"/>
    <char id="56" x="1046" y="174" width="68" height="84" xoffset="4" yoffset="13" xadvance="77" page="0" chnl="15"/>
    <char id="57" x="1108" y="88" width="68" height="84" xoffset="4" yoffset="13" xadvance="77" page="0" chnl="15"/>
    <char id="92" x="1073" y="260" width="49" height="120" xoffset="0" yoffset="1" xadvance="51" page="0" chnl="15"/>
    <char id="32" x="0" y="0" width="0" height="0" xoffset="0" yoffset="1" xadvance="77" page="0" chnl="15"/>
  </chars>
</font>