<?xml version="1.0"?>
<font>
  <info face="Nokia" size="32" bold="0" italic="0" charset="" unicode="1" stretchH="100" smooth="0" aa="1" padding="0,0,0,0" spacing="1,1" outline="0"/>
  <common lineHeight="32" base="26" scaleW="256" scaleH="256" pages="1" packed="0" alphaChnl="1" redChnl="0" greenChnl="0" blueChnl="0"/>
  <pages>
    <page id="0" file="nokia.png" />
  </pages>
  <chars count="176">
    <char id="32" x="8" y="31" width="3" height="1" xoffset="-1" yoffset="31" xadvance="10" page="0" chnl="15" />
    <char id="33" x="236" y="171" width="7" height="23" xoffset="0" yoffset="3" xadvance="10" page="0" chnl="15" />
    <char id="34" x="243" y="212" width="10" height="7" xoffset="0" yoffset="3" xadvance="13" page="0" chnl="15" />
    <char id="35" x="17" y="81" width="16" height="23" xoffset="0" yoffset="3" xadvance="19" page="0" chnl="15" />
    <char id="36" x="42" y="0" width="16" height="26" xoffset="0" yoffset="3" xadvance="19" page="0" chnl="15" />
    <char id="37" x="126" y="51" width="20" height="23" xoffset="0" yoffset="3" xadvance="22" page="0" chnl="15" />
    <char id="38" x="105" y="51" width="20" height="23" xoffset="0" yoffset="3" xadvance="22" page="0" chnl="15" />
    <char id="39" x="252" y="171" width="3" height="7" xoffset="0" yoffset="3" xadvance="6" page="0" chnl="15" />
    <char id="40" x="174" y="0" width="10" height="26" xoffset="0" yoffset="3" xadvance="13" page="0" chnl="15" />
    <char id="41" x="185" y="0" width="10" height="26" xoffset="0" yoffset="3" xadvance="13" page="0" chnl="15" />
    <char id="42" x="51" y="75" width="16" height="23" xoffset="0" yoffset="3" xadvance="19" page="0" chnl="15" />
    <char id="43" x="160" y="195" width="16" height="17" xoffset="0" yoffset="6" xadvance="19" page="0" chnl="15" />
    <char id="44" x="235" y="212" width="7" height="10" xoffset="0" yoffset="19" xadvance="10" page="0" chnl="15" />
    <char id="45" x="4" y="27" width="13" height="3" xoffset="0" yoffset="13" xadvance="16" page="0" chnl="15" />
    <char id="46" x="17" y="242" width="7" height="7" xoffset="0" yoffset="19" xadvance="10" page="0" chnl="15" />
    <char id="47" x="157" y="171" width="10" height="23" xoffset="0" yoffset="3" xadvance="13" page="0" chnl="15" />
    <char id="48" x="153" y="75" width="16" height="23" xoffset="0" yoffset="3" xadvance="19" page="0" chnl="15" />
    <char id="49" x="244" y="48" width="10" height="23" xoffset="0" yoffset="3" xadvance="13" page="0" chnl="15" />
    <char id="50" x="187" y="75" width="16" height="23" xoffset="0" yoffset="3" xadvance="19" page="0" chnl="15" />
    <char id="51" x="204" y="75" width="16" height="23" xoffset="0" yoffset="3" xadvance="19" page="0" chnl="15" />
    <char id="52" x="221" y="75" width="16" height="23" xoffset="0" yoffset="3" xadvance="19" page="0" chnl="15" />
    <char id="53" x="238" y="75" width="16" height="23" xoffset="0" yoffset="3" xadvance="19" page="0" chnl="15" />
    <char id="54" x="210" y="51" width="16" height="23" xoffset="0" yoffset="3" xadvance="19" page="0" chnl="15" />
    <char id="55" x="17" y="105" width="16" height="23" xoffset="0" yoffset="3" xadvance="19" page="0" chnl="15" />
    <char id="56" x="34" y="105" width="16" height="23" xoffset="0" yoffset="3" xadvance="19" page="0" chnl="15" />
    <char id="57" x="51" y="99" width="16" height="23" xoffset="0" yoffset="3" xadvance="19" page="0" chnl="15" />
    <char id="58" x="202" y="212" width="7" height="16" xoffset="0" yoffset="10" xadvance="10" page="0" chnl="15" />
    <char id="59" x="152" y="195" width="7" height="19" xoffset="0" yoffset="10" xadvance="10" page="0" chnl="15" />
    <char id="60" x="240" y="24" width="13" height="23" xoffset="0" yoffset="3" xadvance="16" page="0" chnl="15" />
    <char id="61" x="210" y="212" width="13" height="10" xoffset="0" yoffset="13" xadvance="16" page="0" chnl="15" />
    <char id="62" x="68" y="171" width="13" height="23" xoffset="0" yoffset="3" xadvance="16" page="0" chnl="15" />
    <char id="63" x="153" y="99" width="16" height="23" xoffset="0" yoffset="3" xadvance="19" page="0" chnl="15" />
    <char id="64" x="42" y="51" width="20" height="23" xoffset="0" yoffset="6" xadvance="22" page="0" chnl="15" />
    <char id="65" x="170" y="99" width="16" height="23" xoffset="0" yoffset="3" xadvance="19" page="0" chnl="15" />
    <char id="66" x="187" y="99" width="16" height="23" xoffset="0" yoffset="3" xadvance="19" page="0" chnl="15" />
    <char id="67" x="204" y="99" width="16" height="23" xoffset="0" yoffset="3" xadvance="19" page="0" chnl="15" />
    <char id="68" x="221" y="99" width="16" height="23" xoffset="0" yoffset="3" xadvance="19" page="0" chnl="15" />
    <char id="69" x="238" y="99" width="16" height="23" xoffset="0" yoffset="3" xadvance="19" page="0" chnl="15" />
    <char id="70" x="0" y="129" width="16" height="23" xoffset="0" yoffset="3" xadvance="19" page="0" chnl="15" />
    <char id="71" x="17" y="129" width="16" height="23" xoffset="0" yoffset="3" xadvance="19" page="0" chnl="15" />
    <char id="72" x="34" y="129" width="16" height="23" xoffset="0" yoffset="3" xadvance="19" page="0" chnl="15" />
    <char id="73" x="8" y="201" width="7" height="23" xoffset="0" yoffset="3" xadvance="10" page="0" chnl="15" />
    <char id="74" x="82" y="171" width="13" height="23" xoffset="0" yoffset="3" xadvance="16" page="0" chnl="15" />
    <char id="75" x="168" y="51" width="20" height="23" xoffset="0" yoffset="3" xadvance="22" page="0" chnl="15" />
    <char id="76" x="110" y="171" width="13" height="23" xoffset="0" yoffset="3" xadvance="16" page="0" chnl="15" />
    <char id="77" x="24" y="27" width="23" height="23" xoffset="0" yoffset="3" xadvance="26" page="0" chnl="15" />
    <char id="78" x="63" y="51" width="20" height="23" xoffset="0" yoffset="3" xadvance="22" page="0" chnl="15" />
    <char id="79" x="0" y="57" width="20" height="23" xoffset="0" yoffset="3" xadvance="22" page="0" chnl="15" />
    <char id="80" x="102" y="123" width="16" height="23" xoffset="0" yoffset="3" xadvance="19" page="0" chnl="15" />
    <char id="81" x="4" y="0" width="20" height="26" xoffset="0" yoffset="3" xadvance="22" page="0" chnl="15" />
    <char id="82" x="119" y="123" width="16" height="23" xoffset="0" yoffset="3" xadvance="19" page="0" chnl="15" />
    <char id="83" x="96" y="171" width="13" height="23" xoffset="0" yoffset="3" xadvance="16" page="0" chnl="15" />
    <char id="84" x="114" y="27" width="20" height="23" xoffset="0" yoffset="3" xadvance="22" page="0" chnl="15" />
    <char id="85" x="153" y="123" width="16" height="23" xoffset="0" yoffset="3" xadvance="19" page="0" chnl="15" />
    <char id="86" x="93" y="27" width="20" height="23" xoffset="0" yoffset="3" xadvance="22" page="0" chnl="15" />
    <char id="87" x="48" y="27" width="23" height="23" xoffset="0" yoffset="3" xadvance="26" page="0" chnl="15" />
    <char id="88" x="21" y="57" width="20" height="23" xoffset="0" yoffset="3" xadvance="22" page="0" chnl="15" />
    <char id="89" x="72" y="27" width="20" height="23" xoffset="0" yoffset="3" xadvance="22" page="0" chnl="15" />
    <char id="90" x="170" y="123" width="16" height="23" xoffset="0" yoffset="3" xadvance="19" page="0" chnl="15" />
    <char id="91" x="207" y="0" width="10" height="26" xoffset="0" yoffset="3" xadvance="13" page="0" chnl="15" />
    <char id="92" x="168" y="171" width="10" height="23" xoffset="0" yoffset="3" xadvance="13" page="0" chnl="15" />
    <char id="93" x="196" y="0" width="10" height="26" xoffset="0" yoffset="3" xadvance="13" page="0" chnl="15" />
    <char id="94" x="224" y="212" width="10" height="10" xoffset="0" yoffset="3" xadvance="13" page="0" chnl="15" />
    <char id="95" x="33" y="242" width="20" height="3" xoffset="0" yoffset="23" xadvance="19" page="0" chnl="15" />
    <char id="96" x="25" y="242" width="7" height="7" xoffset="0" yoffset="3" xadvance="10" page="0" chnl="15" />
    <char id="97" x="143" y="215" width="16" height="16" xoffset="0" yoffset="10" xadvance="19" page="0" chnl="15" />
    <char id="98" x="0" y="105" width="16" height="23" xoffset="0" yoffset="3" xadvance="19" page="0" chnl="15" />
    <char id="99" x="188" y="212" width="13" height="16" xoffset="0" yoffset="10" xadvance="16" page="0" chnl="15" />
    <char id="100" x="221" y="123" width="16" height="23" xoffset="0" yoffset="3" xadvance="19" page="0" chnl="15" />
    <char id="101" x="24" y="225" width="16" height="16" xoffset="0" yoffset="10" xadvance="19" page="0" chnl="15" />
    <char id="102" x="135" y="171" width="10" height="23" xoffset="0" yoffset="3" xadvance="13" page="0" chnl="15" />
    <char id="103" x="70" y="195" width="16" height="19" xoffset="0" yoffset="10" xadvance="19" page="0" chnl="15" />
    <char id="104" x="238" y="123" width="16" height="23" xoffset="0" yoffset="3" xadvance="19" page="0" chnl="15" />
    <char id="105" x="16" y="201" width="7" height="23" xoffset="0" yoffset="3" xadvance="10" page="0" chnl="15" />
    <char id="106" x="141" y="0" width="10" height="26" xoffset="0" yoffset="3" xadvance="13" page="0" chnl="15" />
    <char id="107" x="0" y="153" width="16" height="23" xoffset="0" yoffset="3" xadvance="19" page="0" chnl="15" />
    <char id="108" x="0" y="201" width="7" height="23" xoffset="0" yoffset="3" xadvance="10" page="0" chnl="15" />
    <char id="109" x="188" y="195" width="26" height="16" xoffset="0" yoffset="10" xadvance="29" page="0" chnl="15" />
    <char id="110" x="41" y="222" width="16" height="16" xoffset="0" yoffset="10" xadvance="19" page="0" chnl="15" />
    <char id="111" x="58" y="216" width="16" height="16" xoffset="0" yoffset="10" xadvance="19" page="0" chnl="15" />
    <char id="112" x="121" y="195" width="16" height="19" xoffset="0" yoffset="10" xadvance="19" page="0" chnl="15" />
    <char id="113" x="87" y="195" width="16" height="19" xoffset="0" yoffset="10" xadvance="19" page="0" chnl="15" />
    <char id="114" x="174" y="213" width="13" height="16" xoffset="0" yoffset="10" xadvance="16" page="0" chnl="15" />
    <char id="115" x="160" y="213" width="13" height="16" xoffset="0" yoffset="10" xadvance="16" page="0" chnl="15" />
    <char id="116" x="124" y="171" width="10" height="23" xoffset="0" yoffset="3" xadvance="13" page="0" chnl="15" />
    <char id="117" x="109" y="215" width="16" height="16" xoffset="0" yoffset="10" xadvance="19" page="0" chnl="15" />
    <char id="118" x="92" y="215" width="16" height="16" xoffset="0" yoffset="10" xadvance="19" page="0" chnl="15" />
    <char id="119" x="0" y="225" width="23" height="16" xoffset="0" yoffset="10" xadvance="26" page="0" chnl="15" />
    <char id="120" x="75" y="215" width="16" height="16" xoffset="0" yoffset="10" xadvance="19" page="0" chnl="15" />
    <char id="121" x="104" y="195" width="16" height="19" xoffset="0" yoffset="10" xadvance="19" page="0" chnl="15" />
    <char id="122" x="126" y="215" width="16" height="16" xoffset="0" yoffset="10" xadvance="19" page="0" chnl="15" />
    <char id="123" x="152" y="0" width="10" height="26" xoffset="0" yoffset="3" xadvance="13" page="0" chnl="15" />
    <char id="124" x="218" y="0" width="7" height="26" xoffset="0" yoffset="3" xadvance="10" page="0" chnl="15" />
    <char id="125" x="163" y="0" width="10" height="26" xoffset="0" yoffset="3" xadvance="13" page="0" chnl="15" />
    <char id="126" x="0" y="242" width="16" height="7" xoffset="0" yoffset="3" xadvance="19" page="0" chnl="15" />
    <char id="160" x="4" y="31" width="3" height="1" xoffset="-1" yoffset="31" xadvance="10" page="0" chnl="15" />
    <char id="161" x="228" y="171" width="7" height="23" xoffset="0" yoffset="3" xadvance="10" page="0" chnl="15" />
    <char id="163" x="34" y="153" width="16" height="23" xoffset="0" yoffset="3" xadvance="19" page="0" chnl="15" />
    <char id="164" x="53" y="195" width="16" height="20" xoffset="0" yoffset="6" xadvance="19" page="0" chnl="15" />
    <char id="165" x="177" y="27" width="20" height="23" xoffset="0" yoffset="3" xadvance="22" page="0" chnl="15" />
    <char id="166" x="226" y="0" width="7" height="26" xoffset="0" yoffset="3" xadvance="10" page="0" chnl="15" />
    <char id="167" x="127" y="0" width="13" height="26" xoffset="0" yoffset="3" xadvance="16" page="0" chnl="15" />
    <char id="186" x="177" y="195" width="10" height="17" xoffset="0" yoffset="3" xadvance="13" page="0" chnl="15" />
    <char id="191" x="51" y="147" width="16" height="23" xoffset="0" yoffset="3" xadvance="19" page="0" chnl="15" />
    <char id="192" x="68" y="147" width="16" height="23" xoffset="0" yoffset="3" xadvance="19" page="0" chnl="15" />
    <char id="193" x="85" y="147" width="16" height="23" xoffset="0" yoffset="3" xadvance="19" page="0" chnl="15" />
    <char id="194" x="102" y="147" width="16" height="23" xoffset="0" yoffset="3" xadvance="19" page="0" chnl="15" />
    <char id="195" x="119" y="147" width="16" height="23" xoffset="0" yoffset="3" xadvance="19" page="0" chnl="15" />
    <char id="196" x="136" y="147" width="16" height="23" xoffset="0" yoffset="3" xadvance="19" page="0" chnl="15" />
    <char id="197" x="153" y="147" width="16" height="23" xoffset="0" yoffset="3" xadvance="19" page="0" chnl="15" />
    <char id="198" x="0" y="33" width="23" height="23" xoffset="0" yoffset="3" xadvance="26" page="0" chnl="15" />
    <char id="199" x="25" y="0" width="16" height="26" xoffset="0" yoffset="3" xadvance="19" page="0" chnl="15" />
    <char id="200" x="170" y="147" width="16" height="23" xoffset="0" yoffset="3" xadvance="19" page="0" chnl="15" />
    <char id="201" x="187" y="147" width="16" height="23" xoffset="0" yoffset="3" xadvance="19" page="0" chnl="15" />
    <char id="202" x="204" y="147" width="16" height="23" xoffset="0" yoffset="3" xadvance="19" page="0" chnl="15" />
    <char id="203" x="221" y="147" width="16" height="23" xoffset="0" yoffset="3" xadvance="19" page="0" chnl="15" />
    <char id="204" x="212" y="171" width="7" height="23" xoffset="0" yoffset="3" xadvance="10" page="0" chnl="15" />
    <char id="205" x="24" y="201" width="7" height="23" xoffset="0" yoffset="3" xadvance="10" page="0" chnl="15" />
    <char id="206" x="190" y="171" width="10" height="23" xoffset="0" yoffset="3" xadvance="13" page="0" chnl="15" />
    <char id="207" x="179" y="171" width="10" height="23" xoffset="0" yoffset="3" xadvance="13" page="0" chnl="15" />
    <char id="209" x="238" y="147" width="16" height="23" xoffset="0" yoffset="3" xadvance="19" page="0" chnl="15" />
    <char id="210" x="135" y="27" width="20" height="23" xoffset="0" yoffset="3" xadvance="22" page="0" chnl="15" />
    <char id="211" x="156" y="27" width="20" height="23" xoffset="0" yoffset="3" xadvance="22" page="0" chnl="15" />
    <char id="212" x="219" y="27" width="20" height="23" xoffset="0" yoffset="3" xadvance="22" page="0" chnl="15" />
    <char id="213" x="84" y="51" width="20" height="23" xoffset="0" yoffset="3" xadvance="22" page="0" chnl="15" />
    <char id="214" x="234" y="0" width="20" height="23" xoffset="0" yoffset="3" xadvance="22" page="0" chnl="15" />
    <char id="216" x="189" y="51" width="20" height="23" xoffset="0" yoffset="3" xadvance="22" page="0" chnl="15" />
    <char id="217" x="0" y="177" width="16" height="23" xoffset="0" yoffset="3" xadvance="19" page="0" chnl="15" />
    <char id="218" x="17" y="177" width="16" height="23" xoffset="0" yoffset="3" xadvance="19" page="0" chnl="15" />
    <char id="219" x="34" y="177" width="16" height="23" xoffset="0" yoffset="3" xadvance="19" page="0" chnl="15" />
    <char id="220" x="51" y="171" width="16" height="23" xoffset="0" yoffset="3" xadvance="19" page="0" chnl="15" />
    <char id="221" x="147" y="51" width="20" height="23" xoffset="0" yoffset="3" xadvance="22" page="0" chnl="15" />
    <char id="223" x="59" y="0" width="16" height="26" xoffset="0" yoffset="3" xadvance="19" page="0" chnl="15" />
    <char id="224" x="227" y="51" width="16" height="23" xoffset="0" yoffset="3" xadvance="19" page="0" chnl="15" />
    <char id="225" x="0" y="81" width="16" height="23" xoffset="0" yoffset="3" xadvance="19" page="0" chnl="15" />
    <char id="226" x="34" y="81" width="16" height="23" xoffset="0" yoffset="3" xadvance="19" page="0" chnl="15" />
    <char id="227" x="68" y="75" width="16" height="23" xoffset="0" yoffset="3" xadvance="19" page="0" chnl="15" />
    <char id="228" x="85" y="75" width="16" height="23" xoffset="0" yoffset="3" xadvance="19" page="0" chnl="15" />
    <char id="229" x="102" y="75" width="16" height="23" xoffset="0" yoffset="3" xadvance="19" page="0" chnl="15" />
    <char id="230" x="215" y="195" width="23" height="16" xoffset="0" yoffset="10" xadvance="26" page="0" chnl="15" />
    <char id="231" x="138" y="195" width="13" height="19" xoffset="0" yoffset="10" xadvance="16" page="0" chnl="15" />
    <char id="232" x="119" y="75" width="16" height="23" xoffset="0" yoffset="3" xadvance="19" page="0" chnl="15" />
    <char id="233" x="136" y="75" width="16" height="23" xoffset="0" yoffset="3" xadvance="19" page="0" chnl="15" />
    <char id="234" x="170" y="75" width="16" height="23" xoffset="0" yoffset="3" xadvance="19" page="0" chnl="15" />
    <char id="235" x="68" y="99" width="16" height="23" xoffset="0" yoffset="3" xadvance="19" page="0" chnl="15" />
    <char id="236" x="244" y="171" width="7" height="23" xoffset="0" yoffset="3" xadvance="10" page="0" chnl="15" />
    <char id="237" x="220" y="171" width="7" height="23" xoffset="0" yoffset="3" xadvance="10" page="0" chnl="15" />
    <char id="238" x="146" y="171" width="10" height="23" xoffset="0" yoffset="3" xadvance="13" page="0" chnl="15" />
    <char id="239" x="201" y="171" width="10" height="23" xoffset="0" yoffset="3" xadvance="13" page="0" chnl="15" />
    <char id="241" x="85" y="99" width="16" height="23" xoffset="0" yoffset="3" xadvance="19" page="0" chnl="15" />
    <char id="242" x="102" y="99" width="16" height="23" xoffset="0" yoffset="3" xadvance="19" page="0" chnl="15" />
    <char id="243" x="119" y="99" width="16" height="23" xoffset="0" yoffset="3" xadvance="19" page="0" chnl="15" />
    <char id="244" x="136" y="99" width="16" height="23" xoffset="0" yoffset="3" xadvance="19" page="0" chnl="15" />
    <char id="245" x="17" y="153" width="16" height="23" xoffset="0" yoffset="3" xadvance="19" page="0" chnl="15" />
    <char id="246" x="51" y="123" width="16" height="23" xoffset="0" yoffset="3" xadvance="19" page="0" chnl="15" />
    <char id="248" x="239" y="195" width="16" height="16" xoffset="0" yoffset="10" xadvance="19" page="0" chnl="15" />
    <char id="249" x="68" y="123" width="16" height="23" xoffset="0" yoffset="3" xadvance="19" page="0" chnl="15" />
    <char id="250" x="85" y="123" width="16" height="23" xoffset="0" yoffset="3" xadvance="19" page="0" chnl="15" />
    <char id="251" x="136" y="123" width="16" height="23" xoffset="0" yoffset="3" xadvance="19" page="0" chnl="15" />
    <char id="252" x="187" y="123" width="16" height="23" xoffset="0" yoffset="3" xadvance="19" page="0" chnl="15" />
    <char id="253" x="76" y="0" width="16" height="26" xoffset="0" yoffset="3" xadvance="19" page="0" chnl="15" />
    <char id="255" x="93" y="0" width="16" height="26" xoffset="0" yoffset="3" xadvance="19" page="0" chnl="15" />
    <char id="286" x="204" y="123" width="16" height="23" xoffset="0" yoffset="3" xadvance="19" page="0" chnl="15" />
    <char id="287" x="110" y="0" width="16" height="26" xoffset="0" yoffset="3" xadvance="19" page="0" chnl="15" />
    <char id="353" x="0" y="0" width="3" height="32" xoffset="0" yoffset="0" xadvance="13" page="0" chnl="15" />
    <char id="376" x="198" y="27" width="20" height="23" xoffset="0" yoffset="3" xadvance="22" page="0" chnl="15" />
    <char id="8217" x="252" y="179" width="3" height="7" xoffset="0" yoffset="3" xadvance="6" page="0" chnl="15" />
    <char id="8364" x="32" y="201" width="20" height="20" xoffset="0" yoffset="6" xadvance="22" page="0" chnl="15" />
    <char id="119155" x="12" y="31" width="3" height="1" xoffset="-1" yoffset="31" xadvance="10" page="0" chnl="15" />
    <char id="119156" x="18" y="27" width="3" height="1" xoffset="-1" yoffset="31" xadvance="10" page="0" chnl="15" />
    <char id="119157" x="18" y="29" width="3" height="1" xoffset="-1" yoffset="31" xadvance="10" page="0" chnl="15" />
    <char id="119158" x="18" y="31" width="3" height="1" xoffset="-1" yoffset="31" xadvance="10" page="0" chnl="15" />
    <char id="119159" x="234" y="24" width="3" height="1" xoffset="-1" yoffset="31" xadvance="10" page="0" chnl="15" />
    <char id="119160" x="24" y="51" width="3" height="1" xoffset="-1" yoffset="31" xadvance="10" page="0" chnl="15" />
    <char id="119161" x="24" y="53" width="3" height="1" xoffset="-1" yoffset="31" xadvance="10" page="0" chnl="15" />
    <char id="119162" x="24" y="55" width="3" height="1" xoffset="-1" yoffset="31" xadvance="10" page="0" chnl="15" />
  </chars>
</font>
