<?xml version="1.0" encoding="UTF-8"?>
<!--Created using Glyph Designer - http://www.71squared.com/glyphdesigner-->
<font>
    <info face="TopazPlusWeba600a1200a4000" size="64" bold="0" italic="0" chasrset="" unicode="0" stretchH="100" smooth="1" aa="1" padding="0,0,0,0" spacing="2,2"/>
    <common lineHeight="65" base="64" scaleW="512" scaleH="512" pages="1" packed="0"/>
    <pages>
        <page id="0" file="topaz-green.png"/>
    </pages>
    <chars count="95">
        <char id="32" x="483" y="246" width="0" height="0" xoffset="0" yoffset="65" xadvance="32" page="0" chnl="0" letter="space"/>
        <char id="33" x="200" y="187" width="9" height="57" xoffset="12" yoffset="12" xadvance="32" page="0" chnl="0" letter="!"/>
        <char id="34" x="379" y="246" width="21" height="17" xoffset="4" yoffset="12" xadvance="32" page="0" chnl="0" letter="&quot;"/>
        <char id="35" x="432" y="2" width="29" height="57" xoffset="0" yoffset="12" xadvance="32" page="0" chnl="0" letter="#"/>
        <char id="36" x="95" y="69" width="25" height="57" xoffset="4" yoffset="12" xadvance="32" page="0" chnl="0" letter="$"/>
        <char id="37" x="72" y="2" width="33" height="65" xoffset="0" yoffset="12" xadvance="32" page="0" chnl="0" letter="%"/>
        <char id="38" x="141" y="2" width="33" height="57" xoffset="0" yoffset="12" xadvance="32" page="0" chnl="0" letter="&amp;"/>
        <char id="39" x="318" y="246" width="13" height="25" xoffset="8" yoffset="12" xadvance="32" page="0" chnl="0" letter="'"/>
        <char id="40" x="488" y="128" width="21" height="57" xoffset="12" yoffset="12" xadvance="32" page="0" chnl="0" letter="("/>
        <char id="41" x="2" y="187" width="21" height="57" xoffset="0" yoffset="12" xadvance="32" page="0" chnl="0" letter=")"/>
        <char id="42" x="330" y="187" width="33" height="41" xoffset="0" yoffset="20" xadvance="32" page="0" chnl="0" letter="*"/>
        <char id="43" x="164" y="246" width="25" height="41" xoffset="4" yoffset="20" xadvance="32" page="0" chnl="0" letter="+"/>
        <char id="44" x="303" y="246" width="13" height="25" xoffset="8" yoffset="52" xadvance="32" page="0" chnl="0" letter=","/>
        <char id="45" x="448" y="246" width="33" height="9" xoffset="0" yoffset="36" xadvance="32" page="0" chnl="0" letter="-"/>
        <char id="46" x="402" y="246" width="9" height="17" xoffset="12" yoffset="52" xadvance="32" page="0" chnl="0" letter="."/>
        <char id="47" x="2" y="2" width="33" height="65" xoffset="0" yoffset="12" xadvance="32" page="0" chnl="0" letter="/"/>
        <char id="48" x="137" y="128" width="25" height="57" xoffset="4" yoffset="12" xadvance="32" page="0" chnl="0" letter="0"/>
        <char id="49" x="136" y="187" width="17" height="57" xoffset="8" yoffset="12" xadvance="32" page="0" chnl="0" letter="1"/>
        <char id="50" x="2" y="128" width="25" height="57" xoffset="4" yoffset="12" xadvance="32" page="0" chnl="0" letter="2"/>
        <char id="51" x="164" y="128" width="25" height="57" xoffset="4" yoffset="12" xadvance="32" page="0" chnl="0" letter="3"/>
        <char id="52" x="401" y="2" width="29" height="57" xoffset="4" yoffset="12" xadvance="32" page="0" chnl="0" letter="4"/>
        <char id="53" x="365" y="69" width="25" height="57" xoffset="4" yoffset="12" xadvance="32" page="0" chnl="0" letter="5"/>
        <char id="54" x="473" y="69" width="25" height="57" xoffset="4" yoffset="12" xadvance="32" page="0" chnl="0" letter="6"/>
        <char id="55" x="434" y="128" width="25" height="57" xoffset="4" yoffset="12" xadvance="32" page="0" chnl="0" letter="7"/>
        <char id="56" x="29" y="128" width="25" height="57" xoffset="4" yoffset="12" xadvance="32" page="0" chnl="0" letter="8"/>
        <char id="57" x="392" y="69" width="25" height="57" xoffset="4" yoffset="12" xadvance="32" page="0" chnl="0" letter="9"/>
        <char id="58" x="319" y="187" width="9" height="49" xoffset="12" yoffset="20" xadvance="32" page="0" chnl="0" letter=":"/>
        <char id="59" x="155" y="187" width="13" height="57" xoffset="8" yoffset="20" xadvance="32" page="0" chnl="0" letter=";"/>
        <char id="60" x="71" y="187" width="21" height="57" xoffset="12" yoffset="12" xadvance="32" page="0" chnl="0" letter="&lt;"/>
        <char id="61" x="268" y="246" width="33" height="25" xoffset="0" yoffset="28" xadvance="32" page="0" chnl="0" letter="="/>
        <char id="62" x="94" y="187" width="21" height="57" xoffset="0" yoffset="12" xadvance="32" page="0" chnl="0" letter="&gt;"/>
        <char id="63" x="380" y="128" width="25" height="57" xoffset="4" yoffset="12" xadvance="32" page="0" chnl="0" letter="?"/>
        <char id="64" x="370" y="2" width="29" height="57" xoffset="0" yoffset="12" xadvance="32" page="0" chnl="0" letter="@"/>
        <char id="65" x="446" y="69" width="25" height="57" xoffset="4" yoffset="12" xadvance="32" page="0" chnl="0" letter="A"/>
        <char id="66" x="299" y="128" width="25" height="57" xoffset="4" yoffset="12" xadvance="32" page="0" chnl="0" letter="B"/>
        <char id="67" x="56" y="128" width="25" height="57" xoffset="4" yoffset="12" xadvance="32" page="0" chnl="0" letter="C"/>
        <char id="68" x="218" y="128" width="25" height="57" xoffset="4" yoffset="12" xadvance="32" page="0" chnl="0" letter="D"/>
        <char id="69" x="191" y="128" width="25" height="57" xoffset="4" yoffset="12" xadvance="32" page="0" chnl="0" letter="E"/>
        <char id="70" x="110" y="128" width="25" height="57" xoffset="4" yoffset="12" xadvance="32" page="0" chnl="0" letter="F"/>
        <char id="71" x="272" y="128" width="25" height="57" xoffset="4" yoffset="12" xadvance="32" page="0" chnl="0" letter="G"/>
        <char id="72" x="83" y="128" width="25" height="57" xoffset="4" yoffset="12" xadvance="32" page="0" chnl="0" letter="H"/>
        <char id="73" x="117" y="187" width="17" height="57" xoffset="8" yoffset="12" xadvance="32" page="0" chnl="0" letter="I"/>
        <char id="74" x="353" y="128" width="25" height="57" xoffset="4" yoffset="12" xadvance="32" page="0" chnl="0" letter="J"/>
        <char id="75" x="64" y="69" width="29" height="57" xoffset="4" yoffset="12" xadvance="32" page="0" chnl="0" letter="K"/>
        <char id="76" x="461" y="128" width="25" height="57" xoffset="4" yoffset="12" xadvance="32" page="0" chnl="0" letter="L"/>
        <char id="77" x="339" y="2" width="29" height="57" xoffset="4" yoffset="12" xadvance="32" page="0" chnl="0" letter="M"/>
        <char id="78" x="33" y="69" width="29" height="57" xoffset="4" yoffset="12" xadvance="32" page="0" chnl="0" letter="N"/>
        <char id="79" x="245" y="128" width="25" height="57" xoffset="4" yoffset="12" xadvance="32" page="0" chnl="0" letter="O"/>
        <char id="80" x="326" y="128" width="25" height="57" xoffset="4" yoffset="12" xadvance="32" page="0" chnl="0" letter="P"/>
        <char id="81" x="463" y="2" width="29" height="57" xoffset="4" yoffset="12" xadvance="32" page="0" chnl="0" letter="Q"/>
        <char id="82" x="419" y="69" width="25" height="57" xoffset="4" yoffset="12" xadvance="32" page="0" chnl="0" letter="R"/>
        <char id="83" x="284" y="69" width="25" height="57" xoffset="4" yoffset="12" xadvance="32" page="0" chnl="0" letter="S"/>
        <char id="84" x="407" y="128" width="25" height="57" xoffset="4" yoffset="12" xadvance="32" page="0" chnl="0" letter="T"/>
        <char id="85" x="338" y="69" width="25" height="57" xoffset="4" yoffset="12" xadvance="32" page="0" chnl="0" letter="U"/>
        <char id="86" x="311" y="69" width="25" height="57" xoffset="4" yoffset="12" xadvance="32" page="0" chnl="0" letter="V"/>
        <char id="87" x="308" y="2" width="29" height="57" xoffset="4" yoffset="12" xadvance="32" page="0" chnl="0" letter="W"/>
        <char id="88" x="176" y="2" width="33" height="57" xoffset="0" yoffset="12" xadvance="32" page="0" chnl="0" letter="X"/>
        <char id="89" x="211" y="2" width="33" height="57" xoffset="0" yoffset="12" xadvance="32" page="0" chnl="0" letter="Y"/>
        <char id="90" x="2" y="69" width="29" height="57" xoffset="4" yoffset="12" xadvance="32" page="0" chnl="0" letter="Z"/>
        <char id="91" x="122" y="69" width="25" height="57" xoffset="8" yoffset="12" xadvance="32" page="0" chnl="0" letter="["/>
        <char id="92" x="37" y="2" width="33" height="65" xoffset="0" yoffset="12" xadvance="32" page="0" chnl="0" letter="\"/>
        <char id="93" x="149" y="69" width="25" height="57" xoffset="0" yoffset="12" xadvance="32" page="0" chnl="0" letter="]"/>
        <char id="94" x="237" y="246" width="29" height="33" xoffset="4" yoffset="12" xadvance="32" page="0" chnl="0" letter="^"/>
        <char id="95" x="413" y="246" width="33" height="9" xoffset="0" yoffset="68" xadvance="32" page="0" chnl="0" letter="_"/>
        <char id="96" x="333" y="246" width="13" height="25" xoffset="12" yoffset="12" xadvance="32" page="0" chnl="0" letter="`"/>
        <char id="97" x="458" y="187" width="25" height="41" xoffset="4" yoffset="28" xadvance="32" page="0" chnl="0" letter="a"/>
        <char id="98" x="203" y="69" width="25" height="57" xoffset="4" yoffset="12" xadvance="32" page="0" chnl="0" letter="b"/>
        <char id="99" x="191" y="246" width="21" height="41" xoffset="4" yoffset="28" xadvance="32" page="0" chnl="0" letter="c"/>
        <char id="100" x="176" y="69" width="25" height="57" xoffset="4" yoffset="12" xadvance="32" page="0" chnl="0" letter="d"/>
        <char id="101" x="137" y="246" width="25" height="41" xoffset="4" yoffset="28" xadvance="32" page="0" chnl="0" letter="e"/>
        <char id="102" x="25" y="187" width="21" height="57" xoffset="4" yoffset="12" xadvance="32" page="0" chnl="0" letter="f"/>
        <char id="103" x="265" y="187" width="25" height="49" xoffset="4" yoffset="28" xadvance="32" page="0" chnl="0" letter="g"/>
        <char id="104" x="230" y="69" width="25" height="57" xoffset="4" yoffset="12" xadvance="32" page="0" chnl="0" letter="h"/>
        <char id="105" x="185" y="187" width="13" height="57" xoffset="12" yoffset="12" xadvance="32" page="0" chnl="0" letter="i"/>
        <char id="106" x="107" y="2" width="21" height="65" xoffset="4" yoffset="12" xadvance="32" page="0" chnl="0" letter="j"/>
        <char id="107" x="257" y="69" width="25" height="57" xoffset="4" yoffset="12" xadvance="32" page="0" chnl="0" letter="k"/>
        <char id="108" x="170" y="187" width="13" height="57" xoffset="12" yoffset="12" xadvance="32" page="0" chnl="0" letter="l"/>
        <char id="109" x="365" y="187" width="29" height="41" xoffset="4" yoffset="28" xadvance="32" page="0" chnl="0" letter="m"/>
        <char id="110" x="83" y="246" width="25" height="41" xoffset="4" yoffset="28" xadvance="32" page="0" chnl="0" letter="n"/>
        <char id="111" x="110" y="246" width="25" height="41" xoffset="4" yoffset="28" xadvance="32" page="0" chnl="0" letter="o"/>
        <char id="112" x="238" y="187" width="25" height="49" xoffset="4" yoffset="28" xadvance="32" page="0" chnl="0" letter="p"/>
        <char id="113" x="211" y="187" width="25" height="49" xoffset="4" yoffset="28" xadvance="32" page="0" chnl="0" letter="q"/>
        <char id="114" x="214" y="246" width="21" height="41" xoffset="8" yoffset="28" xadvance="32" page="0" chnl="0" letter="r"/>
        <char id="115" x="56" y="246" width="25" height="41" xoffset="4" yoffset="28" xadvance="32" page="0" chnl="0" letter="s"/>
        <char id="116" x="48" y="187" width="21" height="57" xoffset="8" yoffset="12" xadvance="32" page="0" chnl="0" letter="t"/>
        <char id="117" x="2" y="246" width="25" height="41" xoffset="4" yoffset="28" xadvance="32" page="0" chnl="0" letter="u"/>
        <char id="118" x="29" y="246" width="25" height="41" xoffset="4" yoffset="28" xadvance="32" page="0" chnl="0" letter="v"/>
        <char id="119" x="396" y="187" width="29" height="41" xoffset="4" yoffset="28" xadvance="32" page="0" chnl="0" letter="w"/>
        <char id="120" x="427" y="187" width="29" height="41" xoffset="4" yoffset="28" xadvance="32" page="0" chnl="0" letter="x"/>
        <char id="121" x="292" y="187" width="25" height="49" xoffset="4" yoffset="28" xadvance="32" page="0" chnl="0" letter="y"/>
        <char id="122" x="485" y="187" width="25" height="41" xoffset="4" yoffset="28" xadvance="32" page="0" chnl="0" letter="z"/>
        <char id="123" x="277" y="2" width="29" height="57" xoffset="4" yoffset="12" xadvance="32" page="0" chnl="0" letter="{"/>
        <char id="124" x="130" y="2" width="9" height="65" xoffset="12" yoffset="12" xadvance="32" page="0" chnl="0" letter="|"/>
        <char id="125" x="246" y="2" width="29" height="57" xoffset="0" yoffset="12" xadvance="32" page="0" chnl="0" letter="}"/>
        <char id="126" x="348" y="246" width="29" height="17" xoffset="4" yoffset="12" xadvance="32" page="0" chnl="0" letter="~"/>
    </chars>
</font>